LetterCount, Pattern, Word1, Word2, Word3, Word4, Word5, Word6, Word7, Word8, Word9
15 Letters,"1,2,1,7,4",I Am a Strange Loop,,,,,,,,
15 Letters,"1,2,3,9",a no win situation,V is for Vengeance,,,,,,,
15 Letters,"1,2,6,6",a la maitre d'hotel,,,,,,,,
15 Letters,"1,3,1,5,2,3",I Put a Spell on You,,,,,,,,
15 Letters,"1,3,2,1,3,5",a bit of a bad sport,,,,,,,,
15 Letters,"1,3,2,1,4,4",a bit of a busy road,a bit of a cold fish,a bit of a dead duck,a bit of a dead loss,a bit of a hard slog,a bit of a hard time,a bit of a lone wolf,a bit of a long face,a bit of a long shot
15 Letters,"1,3,2,1,4,4",a bit of a long time,a bit of a long wait,a bit of a lost soul,a bit of a wild card,,,,,
15 Letters,"1,3,2,1,5,3",a bit of a gammy leg,a bit of a mixed bag,a bit of a tight fit,,,,,,
15 Letters,"1,3,2,1,8",a bit of a braggart,a bit of a comedian,a bit of a comedown,a bit of a dickhead,a bit of a dipstick,a bit of a disaster,a bit of a domestic,a bit of a drubbing,a bit of a headache
15 Letters,"1,3,2,1,8",a bit of a madhouse,a bit of a misnomer,a bit of a mouthful,a bit of a nuisance,a bit of a shambles,a bit of a squabble,a bit of a stickler,a bit of a struggle,a bit of a surprise
15 Letters,"1,3,2,2,7",a bit of an amateur,a bit of an eyesore,a bit of an unknown,,,,,,
15 Letters,"1,3,2,3,6",a gap in the market,a man of the people,a one in ten chance,a run on the market,,,,,
15 Letters,"1,3,2,4,5",a cup of good cheer,a lot on one's plate,a man of many parts,,,,,,
15 Letters,"1,3,2,5,2,2",a lot of truth in it,,,,,,,,
15 Letters,"1,3,2,6,3",a lot to answer for,,,,,,,,
15 Letters,"1,3,2,9",a bit of nostalgia,a bit of silliness,a fit of hysterics,a fog of confusion,a man of substance,a mob of kangaroos,a nye of pheasants,a pod of porpoises,a war of attrition
15 Letters,"1,3,3,3,5",I can see for miles,,,,,,,,
15 Letters,"1,3,4,3,4",a bit meek and mild,I see what you mean,,,,,,,
15 Letters,"1,3,4,7",a bit limp wristed,a law unto himself,a law unto oneself,I can only imagine,,,,,
15 Letters,"1,3,5,2,4",a bit short of cash,a bit short of time,a new lease of life,,,,,,
15 Letters,"1,3,5,3,3",a lot going for one,,,,,,,,
15 Letters,"1,3,5,6",a big girl's blouse,a bit stand offish,a bit tight fisted,,,,,,
15 Letters,"1,3,6,5",A Man Called Horse,,,,,,,,
15 Letters,"1,3,7,4",O Mio Babbino Caro,,,,,,,,
15 Letters,"1,3,8,3",a bit uncalled for,,,,,,,,
15 Letters,"1,3,9,2",a bit scrunched up,,,,,,,,
15 Letters,"1,3,11",a bit calculating,a bit challenging,a bit complicated,a bit dishevelled,a bit dispiriting,a bit disturbing,a bit domineering,a bit embarrassed,a bit extravagant
15 Letters,"1,3,11",a bit humiliating,a bit impertinent,a bit implausible,a bit impractical,a bit incongruous,a bit infuriating,a bit inopportune,a bit intoxicated,a bit intractable
15 Letters,"1,3,11",a bit lightheaded,a bit nondescript,a bit overbearing,a bit overexcited,a bit overwhelmed,a bit overwrought,a bit predictable,a bit problematic,a bit restrictive
15 Letters,"1,3,11",a bit sentimental,a bit understated,a bit underweight,a bit unfortunate,a bit unpalatable,a bit uninspiring,a bit unnecessary,a bit unrealistic,a bit unrelenting
15 Letters,"1,3,11",X ray diffraction,X ray photography,,,,,,,
15 Letters,"1,4,1,3,3,3",I know a man who can,,,,,,,,
15 Letters,"1,4,2,1,7",A Girl in a Million,a tort et a travers,,,,,,,
15 Letters,"1,4,2,3,5",A Bend in the River,a drop in the ocean,a face in the crowd,a kick in the teeth,a kiss on the cheek,a link in the chain,a load of old tripe,a part of the whole,a peck on the cheek
15 Letters,"1,4,2,3,5",a plum in the mouth,a seat on the board,a shot at the title,a sign of the times,a slap on the wrist,a sock in the mouth,a turn of the screw,A View on the Stour,
15 Letters,"1,4,2,4,4",a hole in one's coat,A Pair of Blue Eyes,I wish I'd said that,,,,,,
15 Letters,"1,4,2,8",a bowl of cherries,a game of draughts,a game of football,a game of soldiers,a hive of activity,a hive of industry,a leap of leopards,a load of cobblers,a load of nonsense
15 Letters,"1,4,2,8",a pair of curtains,a pair of dividers,a pair of scissors,a pair of trousers,a pair of tweezers,a peal of laughter,a peep of chickens,a sack of potatoes,a seat of learning
15 Letters,"1,4,2,8",a show of strength,a test of strength,a week in politics,a week on Saturday,a week on Thursday,a work in progress,I can't be bothered,,
15 Letters,"1,4,3,1,6",a wing and a prayer,,,,,,,,
15 Letters,"1,4,3,2,5",a fish out of water,a hard nut to crack,,,,,,,
15 Letters,"1,4,3,3,4",I can't say for sure,I won't let you down,,,,,,,
15 Letters,"1,4,3,7",a head for figures,a head for heights,a stop gap measure,I shot the Sheriff,,,,,
15 Letters,"1,4,4,1,5",a head like a sieve,a mind like a sewer,a mind like a sieve,,,,,,
15 Letters,"1,4,4,2,4",a fine head of hair,a full head of hair,a good head of hair,a nice drop of rain,a rich vein of form,,,,
15 Letters,"1,4,4,3,3",I don't have all day,,,,,,,,
15 Letters,"1,4,4,6",a long time coming,a man's best friend,a week last Friday,a week last Monday,a week last Sunday,a well kept secret,I Shot Andy Warhol,I won't tell anyone,
15 Letters,"1,4,5,2,3",a high price to pay,a kind thing to say,a nice thing to say,,,,,,
15 Letters,"1,4,5,3,2",I won't stand for it,,,,,,,,
15 Letters,"1,4,5,5",a good stiff brush,a good stiff drink,I don't fancy yours,I Shot Jesse James,,,,,
15 Letters,"1,4,6,4",a well earned rest,I don't really know,,,,,,,
15 Letters,"1,4,7,3",a dark adapted eye,a good ticking off,,,,,,,
15 Letters,"1,4,10",a fair assumption,a good impression,a good investment,a hard taskmaster,a hung parliament,a poor investment,a poor substitute,a rare occurrence,a wise investment
15 Letters,"1,4,10",I don't understand,,,,,,,,
15 Letters,"1,5,2,1,6",a ghost of a chance,a storm in a teacup,,,,,,,
15 Letters,"1,5,2,3,4",a bobby on the beat,A Child of our Time,a crick in the neck,a fault on the line,a joker in the pack,a knock at the door,a knock on the door,a light in the dark,a night on the town
15 Letters,"1,5,2,3,4",a price on his head,a punch on the nose,a relic of the past,a shake of the head,a sheet in the wind,a slice of the cake,a sting in the tail,a straw in the wind,a thing of the past
15 Letters,"1,5,2,3,4",a thorn in the side,a trick of the mind,a twist in the tale,,,,,,
15 Letters,"1,5,2,4,3",a crook in one's lot,a gleam in one's eye,a house of one's own,a place of one's own,a world of one's own,I Wanna Be Like You,,,
15 Letters,"1,5,2,7",a brace of gelding,a break in routine,a bunch of flowers,a charm of finches,a charm of magpies,a coven of witches,a crime of passion,a crumb of comfort,a drove of donkeys
15 Letters,"1,5,2,7",a flash of insight,a fling of dunlins,a month of Sundays,a sense of purpose,a sense of urgency,a stake in society,a stick of rhubarb,A Study in Scarlet,a swarm of insects
15 Letters,"1,5,2,7",a taste of freedom,I Dream of Jeannie,,,,,,,
15 Letters,"1,5,3,1,5",a tooth for a tooth,I could eat a horse,,,,,,,
15 Letters,"1,5,3,2,4",a nasty bit of work,,,,,,,,
15 Letters,"1,5,3,3,3",A penny for the guy,,,,,,,,
15 Letters,"1,5,4,1,4",I never said a word,,,,,,,,
15 Letters,"1,5,4,3,2",I still don't get it,,,,,,,,
15 Letters,"1,5,4,5",a quick whip round,a quick whiz round,,,,,,,
15 Letters,"1,5,5,4",a short shelf life,,,,,,,,
15 Letters,"1,5,7,2",I would imagine so,,,,,,,,
15 Letters,"1,5,9",a brief interlude,a cheap imitation,a grave injustice,a quiet backwater,a small footprint,I Heart Huckabees,I stand corrected,M Night Shyamalan,
15 Letters,"1,6,2,3,3",a finger in the pie,A Raisin in the Sun,,,,,,,
15 Letters,"1,6,2,6",a barrel of laughs,a bottle of brandy,a bottle of sherry,a bottle of squash,a bottle of whisky,a breath of Spring,a bundle of energy,a bundle of nerves,a cackle of hyenas
15 Letters,"1,6,2,6",a comedy of errors,a couple of impala,A Couple of Swells,a course of action,a dearth of talent,a figure of speech,a flight of arrows,a flight of stairs,a matter of chance
15 Letters,"1,6,2,6",a matter of choice,a matter of course,a matter of honour,a packet of crisps,a propos de bottes,a quiver of arrows,a quiver of cobras,a school of whales,a source of regret
15 Letters,"1,6,2,6",a splash of colour,A String of Pearls,a stroke of genius,a vision of beauty,a wealth of talent,,,,
15 Letters,"1,6,3,1,4",I haven't got a clue,,,,,,,,
15 Letters,"1,6,3,2,3",a lesson for us all,,,,,,,,
15 Letters,"1,6,3,5",a little bit dopey,a little bit drunk,a little bit extra,a little bit older,a little bit saucy,a little bit silly,a little bit tipsy,a little bit tough,a little bit woozy
15 Letters,"1,6,3,5",a little bit worse,,,,,,,,
15 Letters,"1,6,4,1,3",I cannot tell a lie,a rabbit from a hat,,,,,,,
15 Letters,"1,6,5,3",I should think not,,,,,,,,
15 Letters,"1,6,8",a damned nuisance,a darned nuisance,a garden inclosed,a gentle reminder,a hearty appetite,a heated argument,a lethal cocktail,a little learning,A Little Princess
15 Letters,"1,6,8",a little stranger,a loaded question,A Modest Proposal,a sudden downpour,a thorny question,a timely reminder,a tricky customer,a vested interest,J Alfred Prufrock
15 Letters,"1,7,1,6",A Toyota's a Toyota,,,,,,,,
15 Letters,"1,7,2,5",a barrage of abuse,a clamour of rooks,a contest of wills,a glimmer of light,a meeting of minds,a mission of mercy,a modicum of skill,a modicum of taste,a modicum of truth
15 Letters,"1,7,2,5",A Passage to India,a portion of chips,a quarter to eight,a quarter to seven,a quarter to three,a rookery of seals,a sounder of boars,a torrent of abuse,a trumped up story
15 Letters,"1,7,2,5",I shudder to think,,,,,,,,
15 Letters,"1,7,3,1,3",a feature not a bug,,,,,,,,
15 Letters,"1,7,3,2,2",I wouldn't bet on it,,,,,,,,
15 Letters,"1,7,4,3",a quarter past one,a quarter past six,a quarter past ten,a quarter past two,,,,,
15 Letters,"1,7,7",a blessed release,a capital offence,a deathly silence,a fitting tribute,a genuine mistake,a glaring mistake,a glowing tribute,a hanging offence,a million dollars
15 Letters,"1,7,7",a minute's silence,a passing thought,A Perfect Getaway,a roaring success,a rousing welcome,a shining example,a sinking feeling,a stopgap measure,a winning formula
15 Letters,"1,8,2,4",A Farewell to Arms,a mountain of debt,a nuisance of cats,a pantheon of gods,a question of fact,a question of time,,,
15 Letters,"1,8,3,3",a thousand and one,,,,,,,,
15 Letters,"1,8,6",a ballpark figure,a biblical famine,a crushing defeat,a defining moment,a definite chance,a delicate matter,a fighting chance,a fleeting glance,a fleeting moment
15 Letters,"1,8,6",a handsome couple,a pathetic excuse,a personal remark,a pressing matter,a ruthless streak,a salutary lesson,a sporting chance,a straight answer,a stubborn streak
15 Letters,"1,8,6",a tempting target,a trifling amount,a trifling matter,I shouldn't wonder,,,,,
15 Letters,"1,9,5",a candlelit vigil,A Christmas Carol,a deserving cause,a gibbering wreck,a lingering death,a lingering doubt,a momentary lapse,a quivering wreck,a sleepless night
15 Letters,"1,9,5",a temporary truce,,,,,,,,
15 Letters,"1,10,4",a bargaining tool,a blistering pace,a borderline case,a calculated risk,a cautionary tale,a commanding view,a gargantuan task,a retrograde step,a scientific fact
15 Letters,"1,10,4",a shattering blow,a suspicious mind,a watertight case,I appreciate that,,,,,
15 Letters,"1,11,3",a thoughtless act,,,,,,,,
15 Letters,"2,1,3,2,1,6",on a bit of a downer,,,,,,,,
15 Letters,"2,1,3,2,7",be a law to oneself,in a fit of passion,,,,,,,
15 Letters,"2,1,3,9",be a bad influence,,,,,,,,
15 Letters,"2,1,4,2,6",in a spot of bother,,,,,,,,
15 Letters,"2,1,4,3,5",at a loss for words,,,,,,,,
15 Letters,"2,1,4,4,4",do a full day's work,,,,,,,,
15 Letters,"2,1,4,6,2",be a past master at,,,,,,,,
15 Letters,"2,1,4,8",at a safe distance,be a good listener,,,,,,,
15 Letters,"2,1,5,2,2,3",in a blink of an eye,,,,,,,,
15 Letters,"2,1,5,2,5",in a blaze of glory,in a state of chaos,in a state of grace,in a state of limbo,in a state of panic,in a state of shock,in a state of siege,,
15 Letters,"2,1,5,4,3",If I Could Tell You,,,,,,,,
15 Letters,"2,1,5,7",by a hair's breadth,on a solid footing,on a sound footing,,,,,,
15 Letters,"2,1,6,2,4",as a matter of fact,as a matter of form,,,,,,,
15 Letters,"2,1,6,6",by a marrow margin,do a Reggie Perrin,I'm a Little Teapot,in a pretty pickle,In a Summer Garden,on a losing streak,on a losing wicket,on a sticky wicket,to a lesser degree
15 Letters,"2,1,6,6",to a lesser extent,,,,,,,,
15 Letters,"2,1,7,5",as a special treat,at a bargain price,do a roaring trade,I'm a monkey's uncle,in a parlous state,in a perfect world,in a tearing hurry,on a monthly basis,on a regular basis
15 Letters,"2,1,7,5",on a sliding scale,on a smaller scale,,,,,,,
15 Letters,"2,1,8,4",in a straight line,on a brighter note,on a separate note,,,,,,
15 Letters,"2,1,9,3",do a vanishing act,,,,,,,,
15 Letters,"2,1,10,2",as I understand it,,,,,,,,
15 Letters,"2,1,12",at a disadvantage,in a relationship,,,,,,,
15 Letters,"2,2,1,10",be at a crossroads,be at a standstill,go on a pilgrimage,,,,,,
15 Letters,"2,2,2,2,7",Oh to be in England,,,,,,,,
15 Letters,"2,2,2,5,4",or so it would seem,,,,,,,,
15 Letters,"2,2,2,9",be of no relevance,be on to something,be up to something,,,,,,
15 Letters,"2,2,3,2,2,4",OK as far as it goes,,,,,,,,
15 Letters,"2,2,3,2,3,3",go as far as one can,,,,,,,,
15 Letters,"2,2,3,3,5",in it for the kicks,,,,,,,,
15 Letters,"2,2,3,4,4",at an all time high,be in the same boat,be of the same mind,be on the safe side,be on the same page,on an all time high,,,
15 Letters,"2,2,3,6,2",be at the bottom of,do as the Romans do,,,,,,,
15 Letters,"2,2,3,8",be as one expected,be at the controls,be in the doldrums,be in the pipeline,be in the vanguard,be in the vicinity,go to the bathroom,go to the butchers,go to the lavatory
15 Letters,"2,2,3,8",go to the pictures,if at all possible,if I'm not mistaken,up to the eyebrows,,,,,
15 Letters,"2,2,4,1,6",be in with a chance,,,,,,,,
15 Letters,"2,2,4,2,1,4",be as high as a kite,,,,,,,,
15 Letters,"2,2,4,3,4",go to hell and back,go to rack and ruin,,,,,,,
15 Letters,"2,2,4,4,3",be at one's wits end,be at your wits end,,,,,,,
15 Letters,"2,2,4,7",at it like rabbits,be at one's leisure,be in one's element,be on one's dignity,go on one's travels,to no good purpose,up to one's armpits,,
15 Letters,"2,2,5,2,4",to be going on with,,,,,,,,
15 Letters,"2,2,5,3,3",if it works for you,,,,,,,,
15 Letters,"2,2,5,6",at no extra charge,,,,,,,,
15 Letters,"2,2,6,5",on an annual basis,ye of little faith,,,,,,,
15 Letters,"2,2,7,4",be in cahoots with,be in harmony with,Oh my sainted aunt,,,,,,
15 Letters,"2,2,8,3",be in someone's way,go to pastures new,,,,,,,
15 Letters,"2,2,11",as an alternative,be at loggerheads,do it yourselfers,go by appearances,go by underground,of no consequence,up to expectation,,
15 Letters,"2,3,1,5,4",in for a rough ride,,,,,,,,
15 Letters,"2,3,1,9",go for a cigarette,,,,,,,,
15 Letters,"2,3,2,1,3,4",as far as I can tell,,,,,,,,
15 Letters,"2,3,2,1,7",go off at a tangent,go off on a tangent,,,,,,,
15 Letters,"2,3,2,2,1,3,2",if and it is a big if,,,,,,,,
15 Letters,"2,3,2,2,6",no man is an island,,,,,,,,
15 Letters,"2,3,2,3,3,2",as far as one can go,,,,,,,,
15 Letters,"2,3,2,3,5",as far as one knows,as old as the hills,be out on the tiles,go out on the tiles,me and my big mouth,no dog in the fight,on top of the world,,
15 Letters,"2,3,2,4,4",be out of one's mind,be out of your mind,be set in one's ways,go off at half cock,go off on one's hols,in all my born days,on top of one's game,,
15 Letters,"2,3,2,8",an act of defiance,an air of finality,as far as possible,go out of business,up for re election,,,,
15 Letters,"2,3,3,2,5",do you get my drift,do you see my point,if you get my drift,if you get my point,,,,,
15 Letters,"2,3,3,3,1,3",I'm not the man I was,,,,,,,,
15 Letters,"2,3,3,3,4",if one has the time,,,,,,,,
15 Letters,"2,3,3,4,3",go off the deep end,I'm not the only one,,,,,,,
15 Letters,"2,3,3,7",do all the talking,go for the jugular,go off the subject,In the Air Tonight,it had its moments,it has its moments,Mr and Mrs Andrews,,
15 Letters,"2,3,4,1,5",go out like a light,,,,,,,,
15 Letters,"2,3,4,2,1,3",at the drop of a hat,,,,,,,,
15 Letters,"2,3,4,2,4",an odd sort of chap,at the dawn of time,be the last in line,be the last to know,if all goes to plan,in the days of yore,in the line of duty,in the line of fire,in the nick of time
15 Letters,"2,3,4,2,4",on the road to ruin,,,,,,,,
15 Letters,"2,3,4,3,1,2",Do you know who I am,,,,,,,,
15 Letters,"2,3,4,3,3",do the best one can,do the best you can,in the here and now,,,,,,
15 Letters,"2,3,4,4,2",if you can't beat 'em,,,,,,,,
15 Letters,"2,3,4,6",at the last minute,at the last moment,at the last second,go off half cocked,go off one's rocker,go off your rocker,in the last resort,in the near future,in the same breath
15 Letters,"2,3,4,6",in the same league,of the same stripe,on the back burner,on the high street,on the open market,to its full extent,to the full extent,,
15 Letters,"2,3,5,2,3",at the break of day,by the grace of God,in the light of day,,,,,,
15 Letters,"2,3,5,5",ab uno disce omnes,at the first blush,at the speed limit,do the hippy shake,do the hokey cokey,do the right thing,Do Wah Diddy Diddy,Do You Wanna Dance,in the early hours
15 Letters,"2,3,5,5",in the final third,in the first place,in the first three,in the right order,in the right place,in the small hours,in the wrong order,in the wrong place,of the first water
15 Letters,"2,3,5,5",on the early shift,on the first floor,on the front pages,on the gravy train,on the never never,on the right lines,on the right track,on the wrong track,
15 Letters,"2,3,6,4",as the saying goes,At the Castle Gate,At The Earth's Core,at the water's edge,by the strong hand,do the donkey work,go one better than,he who laughs last,in the engine room
15 Letters,"2,3,6,4",in the firing line,in the medium term,in the public gaze,in the remote past,on the bright side,on the danger list,on the dotted line,on the losing side,on the picket line
15 Letters,"2,3,6,4",on the refuse heap,to the manner born,up the garden path,,,,,,
15 Letters,"2,3,7,3",in the melting pot,in the witness box,of the deepest dye,on the lookout for,on the seventh day,,,,
15 Letters,"2,3,8,2",in the clutches of,in the interest of,in the presence of,in the vicinity of,on the boundary of,on the strength of,,,
15 Letters,"2,3,10",at the crossroads,do the impossible,in all conscience,in all likelihood,in the altogether,in the ascendancy,in the background,in the crosshairs,in the foreground
15 Letters,"2,3,10",in the newspapers,in the vernacular,in the wilderness,La Vie Parisienne,on the assumption,on the backburner,on the borderline,on the scoresheet,on the television
15 Letters,"2,3,10",on the threshhold,On The Waterfront,To The Lighthouse,up for discussion,,,,,
15 Letters,"2,4,1,3,2,3",as good a way as any,,,,,,,,
15 Letters,"2,4,1,8",go into a tailspin,Oh what a surprise,,,,,,,
15 Letters,"2,4,2,1,3,3",as neat as a new pin,,,,,,,,
15 Letters,"2,4,2,1,6",as pale as a corpse,as sick as a parrot,as weak as a kitten,,,,,,
15 Letters,"2,4,2,2,5",as long as it takes,as much as it takes,by hook or by crook,,,,,,
15 Letters,"2,4,2,3,4",as like as two peas,be wide of the mark,go down on one knee,no skin in the game,no walk in the park,,,,
15 Letters,"2,4,2,4,3",as long as your arm,it won't be long now,no more Mr nice guy,no will of one's own,,,,,
15 Letters,"2,4,2,5,2",I'd like to think so,no need to thank me,,,,,,,
15 Letters,"2,4,2,7",as hard as granite,as keen as mustard,as rich as Croesus,be full of oneself,be lost in thought,do well by someone,go away on holiday,go down in history,If This Be Treason
15 Letters,"2,4,2,7",in fits of giggles,it just so happens,no sign of trouble,no time to explain,,,,,
15 Letters,"2,4,3,2,4",no more and no less,no skin off my nose,to have and to hold,,,,,,
15 Letters,"2,4,3,3,3",in this day and age,,,,,,,,
15 Letters,"2,4,3,6",at spes non fracta,be done and dusted,be home for dinner,be one's own person,by fits and starts,by one's own choice,go down the toilet,go into the church,go over old ground
15 Letters,"2,4,3,6",go over the ground,in fits and starts,In With the Flynns,it does not matter,La Cage Aux Folles,my lips are sealed,no airs and graces,of one's own accord,of one's own making
15 Letters,"2,4,3,6",of your own accord,on one's own ground,on with the motley,so much the better,up one's own bottom,,,,
15 Letters,"2,4,4,2,3",at this time of day,so what else is new,,,,,,,
15 Letters,"2,4,4,5",an idea made flesh,be past one's prime,do one's fair share,do your fair share,in very poor taste,no more than usual,on one's high horse,on one's Jack Jones,on your high horse
15 Letters,"2,4,4,5",on your Jack Jones,,,,,,,,
15 Letters,"2,4,5,4",an ever fixed mark,do one's level best,do what you're told,do your level best,go that extra mile,in one's right mind,in one's spare time,in your right mind,on good terms with
15 Letters,"2,4,5,4",or your money back,,,,,,,,
15 Letters,"2,4,9",do one's damnedest,do your damnedest,go into hysterics,go into overdrive,go into remission,go into seclusion,go like clockwork,go like lightning,I'm Alan Partridge
15 Letters,"2,4,9",in fair condition,in fine condition,in full agreement,in good condition,in mint condition,in peak condition,in poor condition,on good authority,on home territory
15 Letters,"2,4,9",on many occasions,to best advantage,to one's advantage,St Jude Thaddaeus,,,,,
15 Letters,"2,5,1,7",is there a problem,,,,,,,,
15 Letters,"2,5,2,1,5",as brown as a berry,as fresh as a daisy,as leaky as a sieve,as quick as a flash,as quiet as a mouse,as sharp as a knife,as sharp as a razor,as sober as a judge,as sound as a roach
15 Letters,"2,5,2,1,5",as stiff as a board,as stiff as a poker,as thick as a plank,as timid as a mouse,as white as a ghost,as white as a sheet,it comes at a price,,
15 Letters,"2,5,2,2,4",be cruel to be kind,in whole or in part,Le Rouge et le Noir,,,,,,
15 Letters,"2,5,2,3,3",I'm ready if you are,,,,,,,,
15 Letters,"2,5,2,6",it could be better,Le Nozze di Figaro,no rhyme or reason,no right of appeal,no sense of humour,no sense of rhythm,,,
15 Letters,"2,5,3,2,3",an awful lot to ask,,,,,,,,
15 Letters,"2,5,3,5",by trial and error,go round and round,go round the block,go round the twist,go round the world,go under the knife,in apple pie order,in black and white,in dribs and drabs
15 Letters,"2,5,3,5",it makes you think,it takes all sorts,no cause for alarm,on hands and knees,St Kitts and Nevis,Ye Banks and Braes,,,
15 Letters,"2,5,4,2,2",My Heart Will Go On,,,,,,,,
15 Letters,"2,5,4,4",it blows one's mind,it blows your mind,It looks like rain,it works both ways,no place like home,to spite one's face,,,
15 Letters,"2,5,6,2",if you'll excuse me,,,,,,,,
15 Letters,"2,5,8",an utter shambles,at close quarters,at cross purposes,be taken unawares,Dr Rowan Williams,ex prime minister,in block capitals,in broad daylight,
15 Letters,"2,5,8",in depth analysis,in forma pauperis,in sharp contrast,in short trousers,in stark contrast,no claim discount,no dilly dallying,no funny business,no known antidote
15 Letters,"2,5,8",no stone unturned,of equal standing,re entry corridor,We shall overcome,,,,,
15 Letters,"2,6,1,6",no longer a factor,,,,,,,,
15 Letters,"2,6,2,1,4",as gentle as a dove,as gentle as a lamb,as pissed as a newt,as skinny as a rake,as steady as a rock,,,,
15 Letters,"2,6,2,5",an errand of mercy,as chaste as Diana,do things in style,in floods of tears,it serves me right,no longer an issue,no longer in force,no longer in vogue,St Teresa of Avila
15 Letters,"2,6,3,4",be pushed for time,it drives you nuts,Me Tarzan You Jane,no longer the case,,,,,
15 Letters,"2,6,7",an honest mistake,at public auction,At Castle Boterel,be beside oneself,be caught napping,be deadly serious,be deeply touched,be sorely tempted,by common consent
15 Letters,"2,6,7",by mutual consent,by remote control,Dr Samuel Johnson,ex gratia payment,go faster stripes,in deadly earnest,in double figures,in police custody,in polite company
15 Letters,"2,6,7",in polite society,in single figures,it doesn't compute,no longer applies,no second chances,no spring chicken,of common descent,on active service,on second thought
15 Letters,"2,6,7",St Hilda's College,St Oliver Plunket,St Peter's College,St Thomas Aquinas,To absent friends,to little purpose,,,
15 Letters,"2,7,1,5",go through a phase,go without a hitch,,,,,,,
15 Letters,"2,7,2,4",an element of luck,an element of risk,be brought to book,in letters of gold,it slipped my mind,no concern of mine,St Vincent de Paul,,
15 Letters,"2,7,4,2",go through with it,,,,,,,,
15 Letters,"2,7,6",ad hominem attack,an outside chance,by popular demand,go further afield,go through phases,go without saying,in foreign climes,in seventh heaven,Is nothing sacred
15 Letters,"2,7,6",it beggars belief,la perfide Albion,my learned friend,no expense spared,no fooling around,no lasting damage,of dubious origin,of dubious virtue,
15 Letters,"2,7,6",on another planet,on neutral ground,St George's Chapel,to forgive divine,,,,,
15 Letters,"2,8,2,3",no distance at all,St Leonards on Sea,,,,,,,
15 Letters,"2,8,5",an absolute brick,an absolute shock,an absolute steal,an absolute treat,an acquired taste,an educated guess,at breaking point,at bursting point,at freezing point
15 Letters,"2,8,5",at someone's elbow,at someone's mercy,in someone's hands,no artistic merit,no monetary value,of doubtful value,on amicable terms,on friendly terms,on intimate terms
15 Letters,"2,8,5",on opposing sides,on opposite sides,on shifting sands,on someone's heels,on speaking terms,St Michael's Mount,St Patrick's cross,,
15 Letters,"2,9,4",an endurance test,an enquiring mind,be delighted with,in collision with,in intensive care,on alternate days,on condition that,on unlimited loan,
15 Letters,"2,10,3",Mr Tambourine Man,no activation fee,St Valentine's Day,,,,,,
15 Letters,"2,13",ad misericordiam,be dispassionate,be inconspicuous,be philosophical,co determination,co significative,de Stalinisation,in commemoration,in communication
15 Letters,"2,13",in consternation,in juxtaposition,La Rochefoucauld,no interruptions,,,,,
15 Letters,"3,1,2,3,3,3",Can I do you now sir,,,,,,,,
15 Letters,"3,1,3,2,6",not a jot or tittle,run a lap of honour,,,,,,,
15 Letters,"3,1,3,4,2,2",it's a bit lost on me,,,,,,,,
15 Letters,"3,1,3,6,2",get a bit worked up,,,,,,,,
15 Letters,"3,1,3,8",get a few pointers,,,,,,,,
15 Letters,"3,1,4,2,1,4",put a name to a face,,,,,,,,
15 Letters,"3,1,4,2,5",get a wink of sleep,has a ring of truth,It's a Kind of Magic,led a life of crime,not a drop to drink,not a wink of sleep,,,
15 Letters,"3,1,4,3,2,2",get a buzz out of it,get a kick out of it,it's a long way to go,,,,,,
15 Letters,"3,1,4,3,4",fix a date and time,fix a time and date,had a drop too much,had a high old time,has a high old time,it's a long way down,,,
15 Letters,"3,1,4,4,3",get a good send off,got a good send off,had a soft spot for,has a soft spot for,,,,,
15 Letters,"3,1,4,7",get a fair hearing,get a good pasting,get a warm welcome,had a full stomach,had a good innings,has a full stomach,it's a free country,it's a slow process,set a good example
15 Letters,"3,1,4,7",set a poor example,,,,,,,,
15 Letters,"3,1,5,2,4",did a world of good,not a speck of dust,,,,,,,
15 Letters,"3,1,5,4,2",put a brave face on,,,,,,,,
15 Letters,"3,1,5,6",cut a sorry figure,had a happy ending,its a trade secret,not a happy chappy,not a party animal,pay a king's ransom,,,
15 Letters,"3,1,6,2,3",get a breath of air,get a change of air,not a breath of air,,,,,,
15 Letters,"3,1,6,3,2",get a thrill out of,,,,,,,,
15 Letters,"3,1,6,5",for a little while,for a modest price,get a better offer,get a flying start,get a mental block,get a night's sleep,had a broken heart,had a broken wrist,had a mental block
15 Letters,"3,1,6,5",has a mental block,hit a sticky patch,not a pretty sight,pay a flying visit,,,,,
15 Letters,"3,1,7,4",get a helping hand,had a stomach ache,led a charmed life,put a deposit down,,,,,
15 Letters,"3,1,8,3",had a penchant for,had a weakness for,has a penchant for,has a weakness for,not a drinking man,not a gambling man,,,
15 Letters,"3,1,11",had a premonition,had a temperature,has a premonition,has a temperature,run a temperature,win a competition,win a scholarship,won a scholarship,
15 Letters,"3,2,1,3,4,2",not if I can help it,,,,,,,,
15 Letters,"3,2,1,3,6",hen on a hot girdle,put on a big spread,,,,,,,
15 Letters,"3,2,1,4,5",all in a good cause,not by a long chalk,not in a good place,off to a fine start,off to a good start,off to a poor start,put on a bold front,put up a good fight,put up a poor mouth
15 Letters,"3,2,1,5,4",mad as a March hare,put on a brave face,put on a happy face,win by a short head,won by a short head,,,,
15 Letters,"3,2,1,6,3",put in a sealed bid,,,,,,,,
15 Letters,"3,2,2,3,5",get on in the world,put it on the slate,,,,,,,
15 Letters,"3,2,2,4,4",get up on one's feet,not in my back yard,not so as you'd know,put on an even keel,,,,,
15 Letters,"3,2,2,5,3",put in an order for,,,,,,,,
15 Letters,"3,2,2,8",all in it together,get up to mischief,got up to mischief,not go to extremes,not to be believed,not to be exceeded,not up to standard,put up an argument,set up in business
15 Letters,"3,2,3,1,6",Air on the G String,,,,,,,,
15 Letters,"3,2,3,2,1,4",not as far as I know,not so far as I know,,,,,,,
15 Letters,"3,2,3,2,2,3",put an end to it all,try to see it my way,,,,,,,
15 Letters,"3,2,3,2,5",had an axe to grind,had no axe to grind,has an axe to grind,has no axe to grind,say it off by heart,,,,
15 Letters,"3,2,3,3,1,3",pay an arm and a leg,,,,,,,,
15 Letters,"3,2,3,3,2,2",and so say all of us,,,,,,,,
15 Letters,"3,2,3,3,4",see in the New Year,war to end all wars,,,,,,,
15 Letters,"3,2,3,4,3",did it the hard way,hit an all time low,let it all hang out,not in the long run,,,,,
15 Letters,"3,2,3,5,2",act in the place of,hot on the heels of,nip at the heels of,not in the habit of,,,,,
15 Letters,"3,2,3,7",air to air missile,die in the attempt,dip of the horizon,end of the century,end of the rainbow,get an ear bashing,get up and running,got an ear bashing,I'll do the honours
15 Letters,"3,2,3,7",Joy in the Morning,man to man marking,map of New Zealand,not in the picture,not in the running,out of all measure,out of its element,out of the country,Out of the Furnace
15 Letters,"3,2,3,7",out of the picture,out of the running,out of the weather,out to get someone,pit of the stomach,put in for repairs,put in the picture,put on the payroll,put to the trouble
15 Letters,"3,2,3,7",put up for auction,tip of the iceberg,top of the morning,,,,,,
15 Letters,"3,2,4,2,4",had to room to move,had to time to lose,has no room to move,has no time to lose,,,,,
15 Letters,"3,2,4,3,3",get on with the job,run in with the law,,,,,,,
15 Letters,"3,2,4,6",ace up one's sleeve,bee in one's bonnet,bee in your bonnet,end of one's tether,for no good reason,get on one's nerves,get on your nerves,got on one's nerves,got on your nerves
15 Letters,"3,2,4,6",lie in one's throat,not in good humour,not in one's favour,not in one's nature,not on your nellie,not to one's liking,not to that extent,not to your liking,out of one's crease
15 Letters,"3,2,4,6",out of one's league,out of one's senses,out of one's stride,out of your league,put on one's armour,tip of one's tongue,,,
15 Letters,"3,2,5,3,2",had no words for it,has no words for it,,,,,,,
15 Letters,"3,2,5,5",ask me again later,get an early night,men in white coats,not on equal terms,out of harm's reach,out of whole cloth,put in plain words,set of false teeth,two or three times
15 Letters,"3,2,6,4",ask on bended knee,beg on bended knee,end of season sale,had an aching back,has an honest face,not my strong suit,,,
15 Letters,"3,2,7,3",joy of missing out,put it another way,War of Jenkins' Ear,,,,,,
15 Letters,"3,2,8,2",has an interest in,,,,,,,,
15 Letters,"3,2,10",act of aggression,act of contrition,act of friendship,Act of Parliament,act of providence,Act of Settlement,age of discretion,aid to navigation,
15 Letters,"3,2,10",air of detachment,box of chocolates,end of discussion,fit of conscience,fit of depression,get an impression,get an invitation,get on swimmingly,got an impression
15 Letters,"3,2,10",got an invitation,Guy de Maupassant,had no complaints,has no complaints,lay in provisions,man of experience,not in contention,not in government,not in proportion
15 Letters,"3,2,10",Ode on Melancholy,oil of peppermint,oil of turpentine,old as Methuselah,out of commission,out of contention,out of government,out of politeness,out of proportion
15 Letters,"3,2,10",put in quarantine,put up resistance,sin of commission,war of resistance,,,,,
15 Letters,"3,3,1,4,4",not for a long time,out for a good time,,,,,,,
15 Letters,"3,3,1,6,2",had not a stitch on,has not a stitch on,,,,,,,
15 Letters,"3,3,1,8",ask for a transfer,,,,,,,,
15 Letters,"3,3,2,1,6",the eye of a needle,,,,,,,,
15 Letters,"3,3,2,2,5",Get Off of My Cloud,get out of my sight,its out of my hands,the end is in sight,The Eve of St Agnes,,,,
15 Letters,"3,3,2,3,4",any day of the week,cut off at the pass,cut out of the will,get out of the road,its all in the mind,its all in the past,Lob lie by the fire,raw end of the deal,the ace in the pack
15 Letters,"3,3,2,3,4",the end of the euro,the end of the line,the end of the road,the end of the week,the end of the year,the fat of the land,the key to the door,the lap of the gods,the law of the land
15 Letters,"3,3,2,3,4",the lay of the land,the lie of the land,the man in the moon,the run of the ball,the top of the heap,the top of the hill,the top of the pile,the top of the tree,
15 Letters,"3,3,2,4,3",the cut of one's jib,the cut of your jib,The Way We Live Now,,,,,,
15 Letters,"3,3,2,7",get out of trouble,not bat an eyelash,one way or another,put out to pasture,ran out of excuses,ran out of matches,ran out of rations,run out of excuses,run out of matches
15 Letters,"3,3,2,7",run out of rations,run out on someone,The Age of Anxiety,the age of consent,the end of history,the key to success,the law of gravity,the sky is falling,why are we waiting
15 Letters,"3,3,3,2,4",I'll see you in hell,,,,,,,,
15 Letters,"3,3,3,3,3",one man and his dog,the how and the why,the man for the job,,,,,,
15 Letters,"3,3,3,4,2",see the new year in,,,,,,,,
15 Letters,"3,3,3,6",Bel and the Dragon,cut off the crusts,fly off the handle,get off the ground,get the run around,got off the ground,got the run around,hit and run driver,not for one minute
15 Letters,"3,3,3,6",not for the masses,not for the moment,par for the course,pay off old scores,,,,,
15 Letters,"3,3,4,2,3",for the love of god,it's all gone to pot,not the same at all,not too much to ask,one man went to mow,,,,
15 Letters,"3,3,4,3,2",it's too deep for me,put the evil eye on,,,,,,,
15 Letters,"3,3,4,3,2",put the evil eye on,,,,,,,,
15 Letters,"3,3,4,5",and all that stuff,bat for both sides,cut and come again,for the time being,get off one's chest,get out from under,get the gold medal,get the last laugh,God the Holy Ghost
15 Letters,"3,3,4,5",hit the high notes,how the wind blows,it's not your place,lay out one's stall,not the done thing,not the full monty,not the same thing,pay off one's debts,put off one's guard
15 Letters,"3,3,4,5",Put Out More Flags,put six feet under,run for one's money,run for your money,set out one's stall,set out your stall,ten per cent proof,The Man from UNCLE,the one true light
15 Letters,"3,3,4,5",The Sun Also Rises,win the gold medal,won the gold medal,you bet your boots,,,,,
15 Letters,"3,3,5,2,2",get the drift of it,get the worst of it,got the worst of it,It's all Dutch to me,It's all Greek to me,it's the thing to do,let the world go by,put the blame on me,
15 Letters,"3,3,5,4",act the giddy goat,cat and mouse game,egg and spoon race,for old time's sake,for one night only,for the first time,get the right idea,get the upper hand,get the wrong idea
15 Letters,"3,3,5,4",got the upper hand,got the wrong idea,had the final word,has the final word,hit the right note,hit the right spot,one two three four,pay the going rate,pay the paper bill
15 Letters,"3,3,5,4",put the clock back,saw the funny side,say the magic word,see the funny side,see the other side,the New Model Army,The Old Wives' Tale,the sun never sets,toe the party line
15 Letters,"3,3,5,4",Use the force Luke,wet the baby's head,you and whose army,You can never tell,,,,,
15 Letters,"3,3,6,3",all the better for,All the Rivers Run,cut the corner off,get the knives out,I'll see myself out,not for public use,out for number one,put the lights out,the old school tie
15 Letters,"3,3,6,3",the way things are,Tom the piper's son,,,,,,,
15 Letters,"3,3,7,2",get all steamed up,get the measure of,it's not unheard of,now you mention it,pay lip service to,put the dampers on,put the heating on,put the kaibosh on,put the mockers on
15 Letters,"3,3,7,2",put the squeeze on,put the washing on,,,,,,,
15 Letters,"3,3,9",all day breakfast,all the trimmings,bay and forecourt,bed and breakfast,Bye Bye Blackbird,did the crossword,did the paperwork,did the spadework,Dog Day Afternoon
15 Letters,"3,3,9",eff the ineffable,get the advantage,get the runaround,hit the headlines,hog the limelight,it's all happening,it's the principle,Jam and Jerusalem,low tar cigarette
15 Letters,"3,3,9",man the lifeboats,mid air collision,New Age traveller,new red sandstone,old age pensioner,old red sandstone,own the copyright,ran for president,red hot favourite
15 Letters,"3,3,9",Red Sea clownfish,rem acu tetigisti,run for president,see the headlines,Sir Les Patterson,Sir Tom Courtenay,sum and substance,The Big Breakfast,The Big Feastival
15 Letters,"3,3,9",The Far Pavilions,the Low Countries,The New Statesman,the New Testament,The Old Gentleman,the Old Pretender,the Old Testament,use the telephone,wet and miserable
15 Letters,"3,3,9",win win situation,,,,,,,,
15 Letters,"3,4,1,3,4",not such a big deal,,,,,,,,
15 Letters,"3,4,1,7",get into a routine,got into a routine,not give a monkey's,put down a deposit,,,,,
15 Letters,"3,4,2,1,5",any port in a storm,rub salt in a wound,the back of a lorry,The Lady is a Tramp,too much of a hurry,,,,
15 Letters,"3,4,2,2,4",the bane of my life,the germ of an idea,the time of my life,too good to be true,,,,,
15 Letters,"3,4,2,3,3",get down to the job,lie down on the job,the gift of the gab,the hair of the dog,too late in the day,,,,
15 Letters,"3,4,2,4,2",not hard to come by,not much to look at,,,,,,,
15 Letters,"3,4,2,6",get back to basics,get back to nature,get back to normal,got back to normal,not hard to please,not left to chance,not open to reason,not take as gospel,the back of beyond
15 Letters,"3,4,2,6",The Book of Mormon,the call of nature,the cost of living,The Edge of Heaven,the holy of holies,the joys of Spring,The King of Comedy,The land of plenty,the laws of nature
15 Letters,"3,4,2,6",The Line of Beauty,The Lion in Winter,The Maid of Honour,The Mail on Sunday,the Moor of Venice,the pace of change,The Rite of Spring,the road to riches,The Song of Roland
15 Letters,"3,4,2,6",the soul of reason,the wind of change,you must be joking,,,,,,
15 Letters,"3,4,3,2,3",not one's cup of tea,not your cup of tea,you can't win 'em all,,,,,,
15 Letters,"3,4,3,3,2",see what one can do,see what you can do,the best one can do,,,,,,
15 Letters,"3,4,3,5",all doom and gloom,all fine and dandy,all hell let loose,all muck and magic,all over the place,all over the world,all skin and bones,dig one's own grave,dig your own grave
15 Letters,"3,4,3,5",eat one's own words,eat your own words,Far From the Crowd,far from the truth,for love nor money,for what its worth,get into hot water,get into the habit,get into the swing
15 Letters,"3,4,3,5",God save our queen,God save the Queen,hot from the press,how goes the enemy,I'll have the usual,I'll skin you alive,It's That Man Again,led down the aisle,not care two hoots
15 Letters,"3,4,3,5",not give two hoots,not have the heart,not have the knack,not know the score,not make the grade,one over the eight,pay what its worth,,
15 Letters,"3,4,3,5",put back the clock,put into the shade,red bull and vodka,run like the devil,say what one means,say what you think,see one's way clear,sit back and relax,six tens are sixty
15 Letters,"3,4,3,5",sun moon and stars,sup with the devil,the good die young,the long and short,the long way round,the meat and bones,the next big thing,The Road Not Taken,The Rose and Crown
15 Letters,"3,4,3,5",the same old faces,the same old names,the same old story,the same old thing,the sky's the limit,Tom Dick and Harry,two fours are eight,,
15 Letters,"3,4,4,2,2",bet one's life on it,bet your life on it,not know what to do,put one's foot in it,put one's make up on,put one's mind to it,put your foot in it,put your mind to it,rub one's nose in it
15 Letters,"3,4,4,2,2",set one's mind on it,the show must go on,the show will go on,,,,,,
15 Letters,"3,4,4,4",cry into one's beer,For Your Eyes Only,get away scot free,get one's hair done,get one's head down,get one's life back,get some good news,get well soon card,get your hair done
15 Letters,"3,4,4,4",get your head down,lay down one's arms,lay down one's life,lay down your arms,lay down your life,let one's hair down,let your hair down,not know from Adam,one does one's best
15 Letters,"3,4,4,4",pin back one's ears,pin back your ears,pin one's ears back,pin your ears back,pop into one's head,put one's foot down,put one's head down,put one's name down,put your back into
15 Letters,"3,4,4,4",put your foot down,put your name down,ran away from home,red eyed tree frog,run away from home,sow one's wild oats,sow your wild oats,ten mile road race,the girl next door
15 Letters,"3,4,4,4",the last best hope,the mile high club,The Skye Boat Song,the thin blue line,the time will come,tip down with rain,win away from home,win some lose some,you only live once
15 Letters,"3,4,4,4",you took your time,,,,,,,,
15 Letters,"3,4,5,3",all hell broke out,and pigs might fly,cry one's heart out,eat one's heart out,eat your heart out,get some fresh air,it's your lucky day,not your lucky day,pay good money for
15 Letters,"3,4,5,3",put that light out,set one's stall out,,,,,,,
15 Letters,"3,4,6,2",get one's dander up,get one's monkey up,get one's skates on,get your skates on,got one's dander up,got one's skates on,not take kindly to,put one's armour on,put one's jumper on
15 Letters,"3,4,6,2",put one's shorts on,put one's skates on,put your skates on,set one's sights on,set your sights on,you won't regret it,,,
15 Letters,"3,4,8",air raid shelters,air vice marshals,all male preserve,all pull together,bug eyed monsters,cut one's eyeteeth,cut one's toenails,get into mischief,get into position
15 Letters,"3,4,8",get into practice,get one's bearings,get some exercise,get your bearings,hid one's feelings,hot melt adhesive,ivy leaf geranium,lay them straight,Man from Atlantis
15 Letters,"3,4,8",met one's Waterloo,mid term election,New York marathon,not care tuppence,not give tuppence,not look backward,not well regarded,off road vehicles,one last mouthful
15 Letters,"3,4,8",one toed amphiuma,pay one's respects,pit bull terriers,put into practice,ran into problems,red bush squirrel,red eyed puffback,red eyed treefrog,Red Star Belgrade
15 Letters,"3,4,8",run into problems,res ipsa loquitur,Sir Alec Guinness,Sir Alex Ferguson,Sir John Betjeman,Sir John Falstaff,Sir John Suckling,Sir Tony Robinson,six spot ladybird
15 Letters,"3,4,8",The Blue Gardenia,the cat's whiskers,the Coen Brothers,The Dead Kennedys,the dog's bollocks,The Four Beauties,the four elements,The Four Feathers,the Four Freedoms
15 Letters,"3,4,8",the Four Horsemen,the gold standard,the Good Shepherd,the Home counties,The King Brothers,The Lady Vanishes,The Lake District,The Last Judgment,the last vestiges
15 Letters,"3,4,8",the Marx Brothers,the Most Reverend,the nine worthies,the Peak District,The plot thickens,the slow movement,The Ugly Duckling,the vast majority,the Very Reverend
15 Letters,"3,4,8",two toed amphiuma,try one's patience,try one's strength,tug one's forelock,two spot ladybird,two toed anteater,,,
15 Letters,"3,5,1,6",not raise a finger,not stand a chance,six geese a laying,,,,,,
15 Letters,"3,5,2,1,4",one thing at a time,,,,,,,,
15 Letters,"3,5,2,2,3",the apple of my eye,the means to an end,the white of an egg,,,,,,
15 Letters,"3,5,2,5",add sugar to taste,all flesh is grass,fun while it lasts,get pride of place,hit where it hurts,lay awake at night,let there be light,lie awake at night,one night in Paris
15 Letters,"3,5,2,5",one piece of toast,one slice of bread,one slice of toast,Per ardua ad astra,run short of money,see what's in store,sow seeds of doubt,The Birth of Venus,The Caves of Steel
15 Letters,"3,5,2,5",the coast is clear,The Death of Marat,the first of April,the first of March,the House of Lords,The House of Mirth,the House of Usher,The loves of Minos,The March of Wales
15 Letters,"3,5,2,5",the night is young,The Order of Merit,The Price is Right,the Queen of Sheba,the right of reply,The Shape of Water,The Sheik of Araby,The Sound of Music,the speed of light
15 Letters,"3,5,2,5",the speed of sound,the sport of kings,the Stone of Scone,The Woman in Black,The Woman in White,the world at large,too cheap to meter,two pairs of hands,too young to drink
15 Letters,"3,5,3,4",cut above the rest,get under the skin,hit below the belt,it's never too late,not count the cost,not worth his salt,not worth the time,not worth the wait,our queer old dean
15 Letters,"3,5,3,4",put under the yoke,red white and blue,say where and when,the Birds and Bees,the chips are down,the devil you know,the great and good,the more's the pity,the worse for wear
15 Letters,"3,5,3,4",You never can tell,,,,,,,,
15 Letters,"3,5,4,3",and about time too,big girls don't cry,lie about one's age,the three wise men,the truth will out,,,,
15 Letters,"3,5,5,2",lay great store by,see what's going on,set great store by,,,,,,
15 Letters,"3,5,7",Air Chief Marshal,all night session,all party support,all right already,all round ability,all round athlete,All Souls college,ask after someone,big eared lipinia
15 Letters,"3,5,7",big eared opossum,big eared woodrat,BBC World Service,cup final tickets,Dow Jones Average,dry roast peanuts,dry stone walling,far flung outpost,get above oneself
15 Letters,"3,5,7",God Bless America,god given talents,Hey There Delilah,hog nosed catfish,hot water bottles,ice cream cornets,ice cream parlour,,
15 Letters,"3,5,7",ice cream sundaes,it's still raining,lap larch fencing,New Year's honours,not worth knowing,now you're talking,old fuddy duddies,one after another,one armed bandits
15 Letters,"3,5,7",pay under protest,pre lunch snifter,red edged playboy,red faced crombec,red faced malkoha,red faced warbler,Sir Bruce Forsyth,Sir Cliff Richard,Sir Colin Cowdrey
15 Letters,"3,5,7",Sir Edwin Lutyens,Sir Frank Bowling,Sir Frank Whittle,Sir Frank Worrall,Sir Harry Hotspur,Sir Harry Secombe,Sir Henry Doulton,Sir Henry Raeburn,Sir Jacob Epstein
15 Letters,"3,5,7",Sir Nigel Gresley,,,,,,,,
15 Letters,"3,5,7",Sir Peter Ustinov,Sir Peter Viggers,ten green bottles,the Angel Gabriel,the Black Country,the Child Catcher,The Dandy Warhols,the death penalty,the dizzy heights
15 Letters,"3,5,7",the drink talking,the Elgin Marbles,The Fatal Sisters,The Fifth Element,the final chapter,the final curtain,the final episode,the final furlong,The Final Problem
15 Letters,"3,5,7",the final whistle,The Forty Thieves,The Great Silence,the Greek Calends,The Green Lantern,the happy warrior,the harsh reality,the human element,the inner planets
15 Letters,"3,5,7",the King's English,The King's Singers,The Light Brigade,the lower classes,The Merry Maidens,The Merry Monarch,The Mummy Returns,The Night Manager,the noble science
15 Letters,"3,5,7",The Nolan Sisters,the other extreme,the outer planets,the party machine,the peace process,The Pearl Fishers,the penny dropped,the Plant kingdom,The Polar Express
15 Letters,"3,5,7",the Royal Marines,The Royal Society,the royal wedding,the Seven Sisters,The Solid Mandala,the sound barrier,The Three Dancers,The Three Degrees,The Three Sisters
15 Letters,"3,5,7",The Three Stooges,the three witches,the upper classes,The Water Carrier,The Weird Sisters,the Welsh Marches,The White Goddess,The White Peacock,the whole shebang
15 Letters,"3,5,7",tri nitro toluene,Two Noble Kinsmen,two weeks holiday,two weeks running,two years running,use plain English,Von Ryan's Express,Wee Jimmy Krankie,
15 Letters,"3,6,1,5",now there's a thing,,,,,,,,
15 Letters,"3,6,2,2,2",not enough to go on,,,,,,,,
15 Letters,"3,6,2,4",how stupid is that,not amount to much,old enough to vote,The Battle of Life,the breath of life,the damage is done,the elixir of life,the finger of fate,the Fourth of July
15 Letters,"3,6,2,4",the Garden of Eden,The Goblet of Fire,the living is easy,the matter in hand,The Monkey as King,the origin of life,The Rhythm of Life,The School of Rock,the server is down
15 Letters,"3,6,2,4",the summer of love,The Valley of Fear,too clever by half,,,,,,
15 Letters,"3,6,3,3",See Naples and die,the gloves are off,the knives are out,The Little Red Hen,try before you buy,vox populi vox dei,,,
15 Letters,"3,6,4,2",not spoken well of,the powers that be,,,,,,,
15 Letters,"3,6,6",Age before beauty,all comers record,Bar Kokhba Revolt,bar tailed godwit,bar tailed trogon,bar winged oriole,bar winged prinia,bar winged weaver,Bow Street Runner
15 Letters,"3,6,6",car number plates,Che gelida manina,Deo Optimo Maximo,fan tailed cuckoo,fat tailed gerbil,fee paying school,Hey diddle diddle,ice hockey player,jus primae noctis
15 Letters,"3,6,6",Lee Harvey Oswald,leg before wicket,man eating sharks,new course record,New Forest ponies,non binary person,non binary status,non compos mentis,non profit making
15 Letters,"3,6,6",not bloody likely,not nearly enough,Old Father Thames,old growth forest,one finger salute,one month's notice,one parent family,orb weaver spider,our little secret
15 Letters,"3,6,6",Our Mutual Friend,pig tailed langur,pin tailed whydah,pre budget report,rat tailed maggot,red backed shrike,red backed thrush,red billed chough,red billed quelea
15 Letters,"3,6,6",red browed amazon,red capped parrot,red capped plover,red finned kuruva,,,,,
15 Letters,"3,6,6",red footed falcon,red forest duiker,red handed howler,red headed quelea,red headed trogon,red headed weaver,red necked amazon,red necked avocet,red necked falcon
15 Letters,"3,6,6",red rumped agouti,red rumped parrot,Red Spider Nebula,Red Square nebula,red tailed amazon,red tailed monkey,red veined darter,red vented barbet,red vented bulbul
15 Letters,"3,6,6",red winged parrot,red winged prinia,saw people coming,see people coming,set pulses racing,Sir Arnold Wesker,Sir Bufton Tufton,Sir George Martin,Sir Oswald Mosley
15 Letters,"3,6,6",Sir Philip Sidney,Sir Samuel Mendes,Sir Thomas Bodley,Sir Thomas Malory,six figure income,six months' notice,ten pipers piping,The Addams Family,the arctic circle
15 Letters,"3,6,6",the Artful Dodger,The Aspern Papers,,,,,,,
15 Letters,"3,6,6",the Beaker people,The Bourne Legacy,the bright lights,The Cement Garden,the chosen people,the Common Market,the common people,The Devil's Double,The Devil's Gallop
15 Letters,"3,6,6",the devil's tattoo,The Divine Comedy,The Divine Office,the domino effect,The Double Dealer,The Faerie Queene,the family silver,The Female Eunuch,the feudal system
15 Letters,"3,6,6",The Flying Deuces,the fossil record,the fourth estate,the fuller figure,the Golden Fleece,The Golden Legend,The Guitar Player,the herald angels,the Hutton Report
15 Letters,"3,6,6",The Iceman Cometh,the landed gentry,the latest gossip,the latest rumour,the Lesser Bairam,the Little People,The Living Planet,The Mating Season,the middle ground
15 Letters,"3,6,6",the moving finger,the parrot sketch,the paying public,The Potato Eaters,the Prague Spring,The Priory School,the profit motive,the public domain,the public sector
15 Letters,"3,6,6",the Queens Speech,The Rachel Papers,the Second Coming,The Secret Garden,the secret police,The Silken Ladder,the silver screen,the social divide,the social fabric
15 Letters,"3,6,6",the social graces,The Sunday Mirror,the Sunday papers,The Sunday People,the United States,the Virgin Mother,the weaker vessel,the wooden wonder,Tim Brooke Taylor
15 Letters,"3,6,6",two banded plover,two finger salute,two months' notice,two stroke engine,Una Paloma Blanca,Wee Willie Winkie,you little ripper,,
15 Letters,"3,7,1,4",Man Without a Star,not breathe a word,,,,,,,
15 Letters,"3,7,2,3",due process of law,had nothing to say,has nothing to say,the bringer of war,The Descent of Man,the history of art,the ravages of war,The Tragedy of Nan,
15 Letters,"3,7,3,2",all systems are go,,,,,,,,
15 Letters,"3,7,5",Act Without Words,All England title,all weather tyres,bar bellied pitta,bid someone adieu,buy another round,car exhaust fumes,cut oneself loose,cut someone short
15 Letters,"3,7,5",eat between meals,eat someone alive,for donkey's years,had novelty value,has novelty value,His Masters Voice,Ice Station Zebra,It's another world,It's anyone's guess
15 Letters,"3,7,5",it's raining again,,,,,,,,
15 Letters,"3,7,5",Los Angeles Times,low hanging fruit,low running costs,low wattage bulbs,New English Bible,non durable goods,non ferrous metal,not talking sense,one careful owner
15 Letters,"3,7,5",one hundred miles,one hundred years,one million years,pot bellied stove,pre emption right,put oneself about,put oneself first,red bellied lemur,red bellied macaw
15 Letters,"3,7,5",red crowned crane,red fringed conch,red fronted lemur,red fronted serin,red skinned onion,red toothed shrew,San Andreas fault,San Antonio Spurs,see someone right
15 Letters,"3,7,5",Sir Anthony Blunt,Sir Danvers Carew,Sir Douglas Bader,Sir Francis Bacon,Sir Francis Drake,Sir Freddie Laker,Sir Kenneth Clark,Sir Lindsay Hoyle,Sir Michael Caine
15 Letters,"3,7,5",Sir Michael Palin,Sir Patrick Moore,Sir Quentin Blake,,,,,,
15 Letters,"3,7,5",sow dragon's teeth,The African Queen,the ancient world,the angelic hosts,the awkward squad,The Balcony Scene,The Beehive State,The Beggar's Opera,The Bicycle Thief
15 Letters,"3,7,5",the Blarney Stone,the British Isles,The Burning Plain,The Colditz Story,the Compton sweep,The Country Girls,The Crimson Field,the Defence rests,The Donkey's Dance
15 Letters,"3,7,5",the dreaded lurgy,The Dresden Green,the Eastern front,the evening paper,The Hateful Eight,The Haunted House,the injured party,the January sales,The Leaping Horse
15 Letters,"3,7,5",the literal truth,the Mansion House,the morning after,the morning paper,the natural order,the natural world,the Olympic games,the outside world,The Pelican Brief
15 Letters,"3,7,5",the perfect alibi,the perfect crime,the perfect match,the popular press,The Pumpkin Eater,the Russian front,The Saccone Jolys,the salient facts,the salient point
15 Letters,"3,7,5",The Scarlet Sword,the supreme being,the Supreme court,the tabloid press,the tourist trade,The Trumpet Major,the turning point,The Unknown Known,the Unmoved Mover
15 Letters,"3,7,5",The Unquiet Grave,The Wedding Party,the welfare state,the Western front,the western world,the working class,the written proof,two bedroom house,Two Genuine Dates
15 Letters,"3,7,5",wax lyrical about,win someone round,,,,,,,
15 Letters,"3,8,2,2",the pressure is on,,,,,,,,
15 Letters,"3,8,4",all American hero,all expenses paid,box someone's ears,fix someone's hash,for goodness sake,for personal gain,get someone's goat,Her Majesty's Ship,His Majesty's Ship
15 Letters,"3,8,4",its anybody's game,lie detector test,low mortgage rate,low pressure area,New Scotland Yard,non speaking part,not strictly true,red breasted chat,red breasted coua
15 Letters,"3,8,4",red collared dove,red throated loon,shy retiring type,Sir Geoffrey Howe,Sir Stirling Moss,,,,
15 Letters,"3,8,4",sit yourself down,tan someone's hide,ten shilling note,the absolute pits,the Bakerloo line,the Barefoot Nuns,the Beeching cuts,The Brighton line,The Camomile Lawn
15 Letters,"3,8,4",The Captain's Doll,The Constant Wife,the Domesday Book,the Doomsday Book,the eleventh hour,The Famished Road,The Grateful Dead,the Keystone Cops,The Lockless Door
15 Letters,"3,8,4",the middling sort,the mulberry bush,the National Debt,the National Grid,the Northern Line,the official line,The Paradine Case,The Parallax View,The Promised Land
15 Letters,"3,8,4",the Scottish play,The Shipping News,the Southern Fish,The Speckled Band,the sympathy vote,the Terrible Twos,The Thankful Poor,the trailing edge,the Twilight Zone
15 Letters,"3,8,4",The Vagabond King,The Victoria Line,the Waterloo Line,the witching hour,try anything once,you shouldn't have,,,
15 Letters,"3,9,3",all accounted for,not accounted for,not bargained for,red carpenter ant,San Francisco bay,the Christian era,the Christian God,the classical era,the condemned man
15 Letters,"3,9,3",The Contented Pig,the directors cut,the Eightfold Way,the Falklands war,the Flowerpot Men,The Invisible Man,the pressures off,the Stretford end,the unwritten law
15 Letters,"3,9,3",the Victorian age,the Victorian era,The Yorkshire Vet,,,,,,
15 Letters,"3,11,1",The Magnificent 7,,,,,,,,
15 Letters,"3,12",air conditioning,all encompassing,bio luminescence,boa constrictors,bog whortleberry,car manufacturer,car registration,Dag Hammarskjold,dim recollection
15 Letters,"3,12",due deliberation,gas refrigerator,get instructions,get reacquainted,gun emplacements,had reservations,has reservations,hip replacements,ill humouredness
15 Letters,"3,12",ill preparedness,ill proportioned,job applications,job satisfaction,low expectations,low productivity,low spiritedness,met expectations,neo Palladianism
15 Letters,"3,12",non agricultural,non attributable,non commissioned,non contributory,non conventional,non effervescent,non governmental,non intellectual,
15 Letters,"3,12",non interference,non intervention,non judgmentally,non participants,non partisanship,non prescription,non professional,non profitmaking,non transferable
15 Letters,"3,12",not deliberately,not domesticated,not enthusiastic,not particularly,not surprisingly,not transferable,not unexpectedly,not unsurprising,old acquaintance
15 Letters,"3,12",Old contemptible,own recognizance,pay compensation,pre Raphaelitism,pro abortionists,Roy Lichtenstein,sub postmistress,Ten commandments,The Anniversarie
15 Letters,"3,12",The Annunciation,the collywobbles,the commentariat,the Commonwealth,The Conversation,the fundamentals,The Marseillaise,the Plantagenets,the Principality
15 Letters,"3,12",The Psychiatrist,The Silmarillion,The Springfields,the subconscious,the supernatural,The Untouchables,two teaspoonfuls,two teaspoonsful,von Koeldwethout
15 Letters,"3,12",web applications,,,,,,,,
15 Letters,"4,1,3,2,1,4",buys a pig in a poke,sell a pig in a poke,sold a pig in a poke,,,,,,
15 Letters,"4,1,3,2,5",have a bit of faith,have a lot of money,have a lot to offer,open a can of worms,take a bit of stick,,,,
15 Letters,"4,1,3,5,2",make a big issue of,,,,,,,,
15 Letters,"4,1,3,7",have a bad feeling,have a few bevvies,have a few niggles,have a gut feeling,keep a low profile,kept a low profile,pull a few strings,,
15 Letters,"4,1,4,1,5",ring a ring a roses,Ring a ring o roses,,,,,,,
15 Letters,"4,1,4,2,2,2",made a cock up of it,make a cock up of it,,,,,,,
15 Letters,"4,1,4,2,4",have a bone to pick,have a game in hand,have a part to play,have a role to play,lead a life of ease,live a life of ease,,,
15 Letters,"4,1,4,4,2",draw a veil over it,have a good mind to,,,,,,,
15 Letters,"4,1,4,6",cast a long shadow,come a poor second,draw a deep breath,drew a deep breath,earn a good living,give a good hiding,have a full agenda,have a good excuse,have a good memory
15 Letters,"4,1,4,6",have a good reason,have a long memory,have a mean streak,have a poor memory,like a dog's dinner,made a nice change,made a tidy profit,make a full report,make a good excuse
15 Letters,"4,1,4,6",make a nice change,make a tidy profit,rock n roll singer,take a cold shower,take a deep breath,talk a blue streak,took a deep breath,turn a tidy profit,
15 Letters,"4,1,5,2,3",know a thing or two,know a trick or two,,,,,,,
15 Letters,"4,1,5,3,2",keep a beady eye on,keep a close eye on,made a break for it,make a break for it,turn a blind eye to,,,,
15 Letters,"4,1,5,5",form a human chain,gets a green light,give a green light,have a close shave,have a dicky heart,have a dizzy spell,have a prior claim,have a quiet drink,have a rough night
15 Letters,"4,1,5,5",have a screw loose,have a slate loose,have a stiff drink,have a sweet tooth,keep a clean sheet,keep a close watch,kept a clean sheet,kept a close watch,laid a false trail
15 Letters,"4,1,5,5",lays a false trail,lead a merry dance,made a clean break,made a fresh start,make a clean break,make a clean sweep,make a dream start,make a fresh start,make a noise about
15 Letters,"4,1,5,5",need a stiff drink,pour a stiff drink,ride a hobby horse,take a sharp right,take a weeks leave,upon a white horse,wear a fixed smile,with a heavy heart,with a light touch
15 Letters,"4,1,6,2,2",make a career of it,Take a Chance on Me,take a gamble on it,take a glance at it,took a gamble on it,,,,
15 Letters,"4,1,6,4",bowl a maiden over,cast a shadow over,cock a leekie soup,earn a living wage,give a guided tour,have a bright idea,have a hollow ring,have a little rest,have a lovely time
15 Letters,"4,1,6,4",have a pretty face,have a rotten time,have a varied diet,just a pretty face,lead a double life,lead a normal life,left a gaping hole,live a double life,made a mental note
15 Letters,"4,1,6,4",make a mental note,make a social call,take a breath test,take a flying leap,take a second look,what a rotten song,with a little luck,,
15 Letters,"4,1,7,3",half a century ago,have a craving for,have a falling out,have a musical ear,like a drowned rat,make a beeline for,,,
15 Letters,"4,1,8,2",make a horlicks of,make a practice of,,,,,,,
15 Letters,"4,1,10",does a disservice,draw a comparison,draw a conclusion,form a government,half a grapefruit,have a discussion,have a girlfriend,have a reputation,keep a confidence
15 Letters,"4,1,10",made a commitment,made a comparison,made a concession,made a confession,made a connection,made a difference,made a suggestion,made a withdrawal,make a commitment
15 Letters,"4,1,10",make a comparison,,,,,,,,
15 Letters,"4,1,10",make a compromise,make a concession,make a confession,make a connection,make a correction,make a difference,make a pilgrimage,make a prediction,make a projection
15 Letters,"4,1,10",make a resolution,make a suggestion,make a withdrawal,paid a compliment,pass a resolution,pays a compliment,ride a broomstick,sign a disclaimer,skip a generation
15 Letters,"4,1,10",take a backhander,take a percentage,take a photograph,take a sabbatical,take a screenshot,took a backhander,took a deflection,took a photograph,took a screenshot
15 Letters,"4,1,10",wear a buttonhole,what a difference,with a difference,wore a buttonhole,,,,,
15 Letters,"4,2,1,3,5",show in a bad light,,,,,,,,
15 Letters,"4,2,1,4,4",calm as a mill pond,came to a full stop,come to a full stop,dead as a door nail,free to a good home,once in a blue moon,,,
15 Letters,"4,2,1,5,3",Esau is a hairy man,What Am I After All,,,,,,,
15 Letters,"4,2,1,8",came as a surprise,came to a decision,come as a surprise,come to a decision,dead as a doorknob,dead as a doornail,deaf as a doornail,don't be a stranger,draw up a contract
15 Letters,"4,2,1,8",drew up a contract,keep as a souvenir,keep at a distance,kept as a souvenir,lack of B vitamins,make it a priority,much of a muchness,once in a lifetime,sell at a discount
15 Letters,"4,2,1,8",sold at a discount,work to a deadline,,,,,,,
15 Letters,"4,2,2,1,6",hang on by a thread,Tell Me on a Sunday,,,,,,,
15 Letters,"4,2,2,2,5",Beam me up Mr Scott,Beam us up Mr Scott,Meet Me in St Louis,take it as it comes,,,,,
15 Letters,"4,2,2,3,4",laid it on the line,lays it on the line,live up to the hype,take it on the chin,took it on the chin,,,,
15 Letters,"4,2,2,4,3",hold on to your hat,look at it this way,,,,,,,
15 Letters,"4,2,2,5,2",don't go on about it,Love Me or Leave Me,play me or trade me,take it or leave it,,,,,
15 Letters,"4,2,2,7",came up to scratch,come to an impasse,come up to scratch,drop in on someone,face up to reality,gang up on someone,hand it to someone,have it in writing,keep it to oneself
15 Letters,"4,2,2,7",keep up to scratch,Land of my Fathers,look in on someone,look up to someone,Moab is My Washpot,much to be desired,Send Me No Flowers,take it on oneself,take up an inquiry
15 Letters,"4,2,3,1,5",dare to eat a peach,life is but a dream,this is not a drill,,,,,,
15 Letters,"4,2,3,2,4",easy to get on with,half as old as time,hard to get on with,tell it not in Gath,,,,,
15 Letters,"4,2,3,3,3",give up the day job,keep an eye out for,,,,,,,
15 Letters,"4,2,3,4,2",what do you call it,,,,,,,,
15 Letters,"4,2,3,6",back in the saddle,Back to the Future,bang in the middle,bats in the belfry,bite of the cherry,born in the purple,burn to the ground,call no man master,came to the rescue
15 Letters,"4,2,3,6",come to the rescue,come to the throne,crux of the matter,down in the depths,down on the ground,down to the ground,fact of the matter,fall to the ground,feet on the ground
15 Letters,"4,2,3,6",fell to the ground,fill in the blanks,frog in the throat,game of two halves,goal of the season,grab by the throat,harp on one string,have it all sussed,head in the clouds
15 Letters,"4,2,3,6",heat of the moment,heir to the throne,,,,,,,
15 Letters,"4,2,3,6",held in low esteem,high on the agenda,hold in low esteem,hole in the ground,item on the agenda,Jack in the Pulpit,jack of all trades,Jill of all trades,join in the chorus
15 Letters,"4,2,3,6",jump at the chance,keep to the script,king of the beasts,king of the castle,king of the forest,king of the jungle,king of the salmon,Kiss of the Dragon,leap at the chance
15 Letters,"4,2,3,6",Life of the Virgin,lily of the valley,live in the moment,look in the mirror,look to the future,Love is All Around,lump in the throat,meet in the middle,mind in the gutter
15 Letters,"4,2,3,6",open to the public,part of the family,pass on the stairs,pick up the pieces,pick up the thread,pigs at the trough,play to the camera,Puss in the corner,raze to the ground
15 Letters,"4,2,3,6",ride to the rescue,roll on the ground,root of the matter,runs in the family,runt of the litter,sank to the bottom,seen it all before,Send in the Clowns,ship of the desert
15 Letters,"4,2,3,6",sign of the zodiac,sink to the bottom,slam on the brakes,slap in the middle,slip of the tongue,slow on the uptake,Sons of the Desert,spur of the moment,stay at the Hilton
15 Letters,"4,2,3,6",step up the ladder,stir up the embers,take in the sights,take on the mantle,take to the bottle,Tale of Two Cities,thin on the ground,took in the sights,took on the mantle
15 Letters,"4,2,3,6",took to the bottle,true to the letter,true to the spirit,turn up the volume,what do you charge,word on the street,Year of the Dragon,Year of the Monkey,Year of the Rabbit
15 Letters,"4,2,4,1,4",able to take a joke,don't be such a fool,don't be such a wimp,roll up into a ball,,,,,
15 Letters,"4,2,4,2,3",Come Ye Sons of Art,love me love my dog,this is just to say,,,,,,
15 Letters,"4,2,4,3,2",have it with jam on,Love Me like You Do,take my word for it,,,,,,
15 Letters,"4,2,4,5",ants in one's pants,ants in your pants,back on one's heels,cash in one's chips,cash in your chips,cold in one's grave,don't do that again,down on one's knees,down on your knees
15 Letters,"4,2,4,5",draw in one's horns,fail to hold water,fall on hard times,fall on one's sword,fall on your sword,fall to one's knees,feel in one's bones,fell on hard times,find it hard going
15 Letters,"4,2,4,5",fire in one's belly,gird up one's loins,gird up your loins,give it some welly,half as much again,hand in one's chips,hang up one's boots,hang up your boots,have no role model
15 Letters,"4,2,4,5",hell or high water,hold in one's hands,keep up one's guard,kick up one's heels,less of your cheek,made in Gods image,melt in one's mouth,near to one's heart,need to know basis
15 Letters,"4,2,4,5",part on good terms,plum in one's mouth,pull in one's horns,rare as hens teeth,sank to one's knees,seat of one's pants,sink to one's knees,step by step guide,sunk to one's knees
15 Letters,"4,2,4,5",take at face value,take it from there,take to one's heart,take to one's heels,take to your heels,talk in one's sleep,till we meet again,time on one's hands,time on your hands
15 Letters,"4,2,4,5",took at face value,took to one's heels,turn in one's grave,turn in your grave,walk in one's sleep,When We Were Kings,,,
15 Letters,"4,2,5,1,3",room to swing a cat,,,,,,,,
15 Letters,"4,2,5,2,2",come to think of it,make an issue of it,,,,,,,
15 Letters,"4,2,5,4",come to grips with,come to terms with,fine as frog's hair,hand in glove with,hang on every word,have an itchy palm,have no fight left,have no truck with,hope it keeps fine
15 Letters,"4,2,5,4",make or break time,Pawn to Queen four,Puck of Pook's Hill,take an early bath,take an early lead,take it lying down,tidy up loose ends,tied up loose ends,took an early bath
15 Letters,"4,2,5,4",took it lying down,When I'm Sixty Four,Wife of Bath's Tale,wrap up loose ends,,,,,
15 Letters,"4,2,6,3",back to square one,have no regard for,knew it inside out,know it inside out,This is Spinal Tap,,,,
15 Letters,"4,2,7,2",fail to measure up,feat of derring do,give an inkling of,have an evening in,have no bearing on,have no clothes on,keep it bottled up,keep on keeping on,made an example of
15 Letters,"4,2,7,2",make an example of,make no scruple of,take no account of,took no account of,,,,,
15 Letters,"4,2,9",acts as guarantor,acts of terrorism,acts on principle,area of expertise,back to normality,bank on something,body of knowledge,bolt of lightning,bred in captivity
15 Letters,"4,2,9",call an ambulance,cast an aspersion,cast of thousands,City of Edinburgh,code of behaviour,cult of celebrity,debt of gratitude,died of pneumonia,don't be strangers
15 Letters,"4,2,9",don't go overboard,Duke of Cambridge,Duke of Edinburgh,Earl of Leicester,Earl of Rochester,eggs in moonshine,Epic of Gilgamesh,feat of endurance,full of surprises
15 Letters,"4,2,9",fund of knowledge,gain an advantage,game of billiards,hall of residence,hard to pronounce,hard to starboard,have an interview,have no illusions,have no objection
15 Letters,"4,2,9",head on collision,join in matrimony,jump to attention,keep in detention,keep in ignorance,keep up standards,kept in detention,kept in ignorance,know it backwards
15 Letters,"4,2,9",lack of attention,lack of concensus,lack of curiosity,lack of dexterity,lack of foresight,lack of incentive,lack of judgement,lack of knowledge,
15 Letters,"4,2,9",lack of nutrients,lack of nutrition,lack of propriety,lack of restraint,lack of willpower,Life is Beautiful,line of scrimmage,list to starboard,loss of innocence
15 Letters,"4,2,9",loss of virginity,made an objection,made no objection,make an amendment,make an exception,make an inventory,make an objection,make no objection,mark of authority
15 Letters,"4,2,9",mode of transport,neat as ninepence,need an ambulance,need an operation,odds on favourite,open to criticism,open to suspicion,paid no attention,pair of compasses
15 Letters,"4,2,9",pair of virginals,pink of condition,pool of knowledge,poor in nutrients,rich in nutrients,Road to Perdition,rock of Gibraltar,room to manoeuvre,
15 Letters,"4,2,9",seat of intellect,sign an autograph,sits in judgement,Star of Bethlehem,stay in formation,stay of execution,stop go economics,take it seriously,take no prisoners
15 Letters,"4,2,9",take on allcomers,take up residence,test of character,tilt at windmills,time of departure,took it seriously,tout au contraire,Tree of Knowledge,turn to advantage
15 Letters,"4,2,9",Vale of Glamorgan,vive la bagatelle,walk in wardrobes,walk on eggshells,warm up exercises,what in tarnation,wins on penalties,writ of privilege,you'd be surprised
15 Letters,"4,3,1,4,3",pull off a fast one,What can I tell you,,,,,,,
15 Letters,"4,3,1,7",lick and a promise,pose for a picture,,,,,,,
15 Letters,"4,3,2,3,3",come out of the ark,gets out of the way,hits one in the eye,hits you in the eye,keep out of the way,long arm of the law,move out of the way,stay out of the way,
15 Letters,"4,3,2,6",came out of hiding,came out on strike,come out of hiding,come out on strike,fall out of favour,fell out of favour,from top to bottom,hard act to follow,jack out of office
15 Letters,"4,3,2,6",Nord Pas de Calais,pick out at random,poor man of mutton,puts out to tender,this tea is strong,time out of number,turn out in droves,Well I'll be blowed,well I'll be damned
15 Letters,"4,3,2,6",wild man of Borneo,,,,,,,,
15 Letters,"4,3,3,1,4",dish fit for a king,give the dog a bone,,,,,,,
15 Letters,"4,3,3,3,2",beat the tar out of,when the rot set in,,,,,,,
15 Letters,"4,3,3,5",call all the shots,can't see the point,come the raw prawn,down for the count,drop off the radar,even out the score,fair fat and forty,fall off the perch,fall off the wagon
15 Letters,"4,3,3,5",fell off the perch,free bed and board,From the New World,game set and match,gave off bad vibes,give off bad vibes,give the all clear,goes off the rails,gone off the rails
15 Letters,"4,3,3,5",good day for ducks,have all the facts,have fun and games,have ups and downs,head for the hills,held all the cards,,,
15 Letters,"4,3,3,5",hold all the cards,keep off the grass,Lady and the Tramp,last but not least,like oil and water,Live now pay later,live off the state,make for the hills,none but the brave
15 Letters,"4,3,3,5",pass the hat round,play cat and mouse,ride out the storm,seen and not heard,seen but not heard,stay for the night,stay out all night,take out the sting,tick all the boxes
15 Letters,"4,3,3,5",turn for the worse,turn off the light,turn off the power,turn off the radio,turn out the light,went off the rails,what are you doing,when the dog bites,work day and night
15 Letters,"4,3,4,2,2",have the best of it,make the best of it,make the most of it,make too much of it,,,,,
15 Letters,"4,3,4,4",Baby One More Time,dead men don't bite,fail the acid test,fear for one's life,feel ten feet tall,fish and chip shop,gain the whip hand,gave the game away,give the game away
15 Letters,"4,3,4,4",give the once over,grab the best seat,hard and fast rule,have and have nots,have one last look,have the last word,have the whip hand,have two left feet,hold the door open
15 Letters,"4,3,4,4",hold the whip hand,Iron age hill fort,keep the door open,kept the door open,,,,,
15 Letters,"4,3,4,4",left the door open,lets the side down,live the good life,live the high life,more cry than wool,once and once only,open and shut case,over and done with,part buy part rent
15 Letters,"4,3,4,4",part man part bull,part man part goat,pass the acid test,play the lead role,play the long game,play the race card,rear its ugly head,rock and roll band,shut the door upon
15 Letters,"4,3,4,4",sing the same tune,take the blue pill,take the high road,take the long view,take the next step,tear out one's hair,till the next time,When The Cat's Away,Wish you were here
15 Letters,"4,3,5,3",bore the pants off,each and every day,each and every one,give the brush off,give the stink eye,goes the whole hog,goes the wrong way,have the final say,into the lion's den
15 Letters,"4,3,5,3",knit one pearl one,look the other way,made the first bid,make the first bid,pull the other one,song and dance act,take one final bow,take the chill off,take the gloss off
15 Letters,"4,3,5,3",take the night off,take the shine off,take the sting out,take the wraps off,took the chill off,took the gloss off,took the shine off,took the sting out,turn the light off
15 Letters,"4,3,5,3",went the whole hog,went the wrong way,with the naked eye,,,,,,
15 Letters,"4,3,6,2",from the bottom up,from the ground up,gave the thumbs up,gets the better of,give the thumbs up,Keep the Lights On,part and parcel of,turn the boiler on,turn the lights on
15 Letters,"4,3,6,2",turn the tables on,turn the volume up,Wind the Bobbin Up,with kid gloves on,,,,,
15 Letters,"4,3,8",Adam Lay Ybounden,back the underdog,beat the deadline,beer and skittles,begs the question,Bing and Grondahl,blue sky thinking,cash for peerages,cold and clinical
15 Letters,"4,3,8",come out fighting,does the business,don't get involved,draw the curtains,drop the pretence,feel the pressure,fend for yourself,find the solution,from the rooftops
15 Letters,"4,3,8",from the shoulder,gall and wormwood,game for anything,goes the distance,good for business,grey and overcast,Gulf War syndrome,hail and farewell,half the distance
15 Letters,"4,3,8",hand out leaflets,have the audacity,Have you finished,hide the evidence,,,,,
15 Letters,"4,3,8",hold the interest,Ivan the Terrible,Ivar the Boneless,join the majority,just the opposite,keep one guessing,kick the calendar,last man standing,last one standing
15 Letters,"4,3,8",last the distance,left the building,left the premises,let's get physical,Let's Get Together,lift and separate,like the clappers,look the business,mark the occasion
15 Letters,"4,3,8",meat and potatoes,meet the criteria,meet the deadline,miss the deadline,nazi war criminal,next day delivery,nice and friendly,Only God Forgives,open for business
15 Letters,"4,3,8",open the presents,open the throttle,Otto von Bismarck,over the boundary,over the deadline,oyer and terminer,pass the potatoes,past the deadline,peel the potatoes
15 Letters,"4,3,8",pipe and slippers,play the recorder,pomp and ceremony,pops the question,push the envelope,reap the benefits,ring the doorbell,ripe for takeover,Ross and Cromarty
15 Letters,"4,3,8",sail the Atlantic,same sex marriage,Save the Children,Sink the Bismarck,stay the distance,suit the occasion,surf the internet,tail end charlies,take the medicine
15 Letters,"4,3,8",take the shilling,tars and feathers,took the medicine,toss the pancakes,tout for business,type two diabetes,used car salesman,used car salesmen,wear the breeches
15 Letters,"4,3,8",wear the trousers,went the distance,whet the appetite,will and pleasure,wore the trousers,,,,
15 Letters,"4,4,1,3,3",feel like a new man,more than I can say,talk like a pen gun,,,,,,
15 Letters,"4,4,1,4,2",have half a mind to,,,,,,,,
15 Letters,"4,4,1,6",back into a corner,don't move a muscle,face like a fiddle,Girl with a Kitten,held over a barrel,hold over a barrel,just what I wanted,last time I looked,made life a misery
15 Letters,"4,4,1,6",make life a misery,make mine a double,make that a double,sang like a canary,sing like a canary,work like a Trojan,,,
15 Letters,"4,4,2,1,4",Troy Fall of a City,,,,,,,,
15 Letters,"4,4,2,3,2",have half an eye on,keep half an eye on,mind one's ps and qs,mind your ps and qs,,,,,
15 Letters,"4,4,2,5",came down to earth,came home to roost,come down in price,come down to earth,come home to roost,come rain or shine,don't even go there,don't make me laugh,feel like an idiot
15 Letters,"4,4,2,5",felt like an idiot,fill full of holes,from hand to mouth,from left to right,from morn to night,from stem to stern,gets back on track,gods gift to women,have pots of money
15 Letters,"4,4,2,5",have time to spare,have what it takes,let's call it quits,Look Back in Anger,look good on paper,poke full of holes,safe pair of hands,Slow Boat to China,this vale of tears
15 Letters,"4,4,2,5",went back to sleep,with hand on heart,with room to spare,with time to spare,,,,,
15 Letters,"4,4,3,2,2",keep one's eye on it,make good use of it,Well look who it is,,,,,,
15 Letters,"4,4,3,4",back from the dead,bend with the wind,bolt from the blue,cast one's net wide,cast your eye over,cast your net wide,come back for more,come into the fold,don't know for sure
15 Letters,"4,4,3,4",don't rock the boat,don't take the risk,don't tell him Pike,Down With The Kids,fair wear and tear,fall into the trap,fall over the edge,fell into the trap,fell over the edge
15 Letters,"4,4,3,4",give like for like,Gone with the Wind,hold open the door,hunt with the pack,idle away the time,jump into the fray,just down the road,keep one's gob shut,keep your gob shut
15 Letters,"4,4,3,4",know one's own mind,know your own mind,lead with the chin,like cats and dogs,like what one sees,long live the king,lose one's car keys,lost one's car keys,
15 Letters,"4,4,3,4",mean what one says,More Than You Know,over head and ears,paid over the odds,play hide and seek,rain cats and dogs,rake over the past,reap what one sows,rise from the dead
15 Letters,"4,4,3,4",rise with the lark,risk life and limb,Roll Over Lay Down,rose from the dead,sail into the wind,save one's own neck,save one's own skin,step into the fray,step over the line
15 Letters,"4,4,3,4",swim with the tide,take one's own life,take your own life,tied hand and foot,turn back the tide,turn down the beds,went over the edge,what have you done,What Katy did next
15 Letters,"4,4,3,4",work one's way back,,,,,,,,
15 Letters,"4,4,4,3",cast your vote for,come into one's own,come what come may,fall arse over tit,fall into one's lap,fell arse over tit,hang onto your hat,hold one's hand out,hold onto your hat
15 Letters,"4,4,4,3",keep your nose out,Kuch Kuch Hota Hai,less than half way,melt into thin air,more than half way,more ways than one,only have eyes for,part rent part buy,slog one's guts out
15 Letters,"4,4,4,3",take one's coat off,tear one's hair out,tear your hair out,took one's coat off,well done that man,,,,
15 Letters,"4,4,5,2",don't keep going on,hang one's boots up,hang your boots up,hold one's hands up,just kept going on,keep one's guard up,keep one's hopes up,keep one's shirt on,keep your guard up
15 Letters,"4,4,5,2",keep your shirt on,pour cold water on,pull one's socks up,pull your socks up,sink one's teeth in,tuck one's shirt in,tuck your shirt in,,
15 Letters,"4,4,7",anti tank missile,anti tank weapons,back seat drivers,back seat driving,bare eyed antbird,Beji Caid Essebsi,best case scenario,best foot forward,best kept village
15 Letters,"4,4,7",blow one's chances,blue chip company,body line bowling,book one's passage,bred like rabbits,burn one's bridges,burn one's fingers,burn your bridges,burn your fingers
15 Letters,"4,4,7",can't take anymore,care home workers,Caro Kann Defence,cash flow problem,cast iron stomach,,,,
15 Letters,"4,4,7",coin cell battery,come into contact,cowl neck sweater,cowl neck jumpers,crew neck jumpers,crew neck sweater,Dame Edna Everage,Dame Joan Collins,dead man's fingers
15 Letters,"4,4,7",dead men's fingers,dead tree edition,dead tree version,Dear John letters,drop one's aitches,drop your aitches,drum one's fingers,earn one's stripes,earn your stripes
15 Letters,"4,4,7",eyes like saucers,face like thunder,fall over oneself,fill one's pockets,fill one's stomach,fill your pockets,Fire Over England,five star general,five star reviews
15 Letters,"4,4,7",flat leaf parsley,flex one's muscles,flex your muscles,flip flop circuit,four star general,full time whistle,gave one's consent,gave one's opinion,
15 Letters,"4,4,7",gave one's support,give one's backing,give one's consent,give one's opinion,give one's support,give your consent,Good Will Hunting,Guru Tegh Bahadur,half term holiday
15 Letters,"4,4,7",half time whistle,hard luck stories,hark who's talking,have deep pockets,have good manners,have one's moments,have one's revenge,have some success,have your revenge
15 Letters,"4,4,7",head down display,here goes nothing,high gain antenna,high risk venture,hold that thought,Jean Marc Ayrault,just good friends,keep good company,keep one's balance
15 Letters,"4,4,7",keep one's counsel,keep one's promise,keep your promise,kept one's promise,Lady Bird Johnson,Lady Mary Crawley,Last Seen Wearing,lead acid battery,lend one's support
15 Letters,"4,4,7",lent one's support,less than certain,less than helpful,less than nothing,less than perfect,less than pleased,let's make friends,lick one's fingers,lick your fingers
15 Letters,"4,4,7",line one's pockets,line one's stomach,line your pockets,,,,,,
15 Letters,"4,4,7",Loch Ness monster,long haul flights,long lost cousins,long lost friends,long term effects,long term measure,long toed lapwing,look who's talking,Lord High Admiral
15 Letters,"4,4,7",Lord John Russell,lose one's balance,lose one's deposit,lose one's dignity,lose one's footing,lose one's hearing,lose one's husband,lose one's licence,lose one's marbles
15 Letters,"4,4,7",lose self control,lose your footing,lose your marbles,lost one's balance,lost one's deposit,lost one's footing,lost one's hearing,lost one's marbles,lost self control
15 Letters,"4,4,7",made huge strides,made one's fortune,main line station,make huge strides,make one's excuses,make one's fortune,make your excuses,make your fortune,meet one's targets
15 Letters,"4,4,7",meet with success,men's team pursuit,mind one's manners,mind your manners,miss one's footing,Miss Otis Regrets,miss your footing,more than capable,more than welcome
15 Letters,"4,4,7",Move over Darling,News from Nowhere,nine volt battery,open side flanker,pale blue monarch,palm tree justice,,,
15 Letters,"4,4,7",part time workers,past life therapy,past one's bedtime,past your bedtime,peak time viewing,peat free compost,play with oneself,pull one's punches,pull some strings
15 Letters,"4,4,7",pull your punches,push one's fortune,road fund licence,roll neck sweater,roly poly pudding,rush hour traffic,sang one's praises,save shoe leather,sell into slavery
15 Letters,"4,4,7",send one's regards,show good manners,show one's colours,show one's ivories,show some respect,sing one's praises,snap one's fingers,snap your fingers,soft shoe dancers
15 Letters,"4,4,7",soft shoe shuffle,soil one's clothes,sold into slavery,Some Came Running,stem cell therapy,take back control,take deep breaths,take into account,take into custody
15 Letters,"4,4,7",take one's chances,take one's revenge,take some beating,take your chances,term time workers,term time working,that will suffice,took into account,took one's chances
15 Letters,"4,4,7",took one's revenge,took some beating,turn one's stomach,wear one's glasses,went into reverse,What Lies Beneath,wore one's glasses,work life balance,work one's passage
15 Letters,"4,4,7",work your passage,,,,,,,,
15 Letters,"4,5,1,5",fall under a spell,five times a night,left under a cloud,Love Shine a Light,that works a treat,,,,
15 Letters,"4,5,2,1,3",five times in a row,four times in a row,nine times in a row,,,,,,
15 Letters,"4,5,2,4",bare faced go away,fair means or foul,from first to last,from right to left,have money to burn,keep track of time,lose track of time,lost track of time,main claim to fame
15 Letters,"4,5,2,4",nice piece of work,one's claim to fame,show signs of life,show signs of wear,well bless my soul,went short of food,your place or mine,,
15 Letters,"4,5,3,3",Here comes the Sun,pass round the hat,reds under the bed,stay where you are,work night and day,,,,
15 Letters,"4,5,4,2",eeny meeny miny mo,lose sleep over it,make great play of,made heavy work of,made short work of,make heavy work of,make light work of,make short work of,only fools rush in
15 Letters,"4,5,6",ante natal clinic,ashy storm petrel,baby grand pianos,bald faced hornet,bare faced bulbul,bare nosed wombat,bite sized chunks,blue naped parrot,blue sided sprite
15 Letters,"4,5,6",blue spiny lizard,came under attack,come under attack,Dame Flora Robson,Dame Helen Mirren,Dame Kelly Holmes,Dame Laura Knight,damp proof course,data input device
15 Letters,"4,5,6",Davy Jones locker,dog's tooth edging,dog's tooth violet,drab water tyrant,emmy award winner,,,,
15 Letters,"4,5,6",even money chance,fair usage policy,five pence pieces,five spice powder,flat earth theory,foot pound second,four lined wrasse,Four Noble Truths,four weeks notice
15 Letters,"4,5,6",full metal jacket,full scale attack,full speed astern,gilt edged stocks,give three cheers,gold medal winner,good track record,grey faced petrel,grey sided thrush
15 Letters,"4,5,6",half baked theory,half blood prince,half cross stitch,half hardy annual,half price offers,half round chisel,have grave doubts,high court judges,high speed trains
15 Letters,"4,5,6",Holy Roman Empire,Incy Wincy spider,Jean Henri Durant,Jesu meine Freude,John Edgar Hoover,John Henry Newman,keep under review,Lady Brett Ashley,land speed record
15 Letters,"4,5,6",last ditch battle,last ditch effort,last ditch tackle,lazy daisy stitch,lead lined coffin,,,,
15 Letters,"4,5,6",long eared jerboa,long eared myotis,long nosed monkey,Lord Baden Powell,Lord Peter Wimsey,made every effort,mail order brides,make every effort,make haste slowly
15 Letters,"4,5,6",Mont Saint Michel,move along please,near earth object,pale faced bulbul,pale shrew tenrec,peat swamp forest,pede poena claudo,pied water tyrant,pink coral fungus
15 Letters,"4,5,6",play first fiddle,poor track record,post dated cheque,rare earth metals,Rust Never sleeps,salt water gargle,same again please,snub nosed monkey,stop being greedy
15 Letters,"4,5,6",such sweet sorrow,take legal action,took legal action,Well Woman Clinic,well worth seeing,wide angle lenses,wind chill factor,with bated breath,with fists flying
15 Letters,"4,5,6",Yves Saint Martin,zero point energy,,,,,,,
15 Letters,"4,6,2,3",good enough to eat,Holy Mother of God,Mato Grosso do sul,tria juncta in uno,,,,,
15 Letters,"4,6,3,2",just doesn't add up,,,,,,,,
15 Letters,"4,6,5",amor vincit omnia,anti caking agent,anti vandal paint,arch braced truss,ashy headed goose,ashy tailed swift,bell shaped curve,belt buckle knife,blue banded pitta
15 Letters,"4,6,5",blue capped ifrit,blue footed booby,blue headed pitta,blue riband event,blue rumped pitta,blue tailed skink,blue winged goose,blue winged macaw,blue winged minla
15 Letters,"4,6,5",blue winged pitta,bolt action rifle,bone marrow donor,Dame Maggie Smith,Dame Muriel Spark,Dame Nellie Melba,Eric Arthur Blair,Eric Winkle Brown,fair market value
15 Letters,"4,6,5",feel bitter about,felt bitter about,five barred gates,five golden rings,Five Little Ducks,flat billed vireo,flat headed loach,,
15 Letters,"4,6,5",flat headed shrew,four collie birds,four letter words,full market value,gate legged table,God's honest truth,good night's sleep,grey rumped swift,Guru Granth Sahib
15 Letters,"4,6,5",hard earned money,Hard Headed Woman,have common cause,have doubts about,have qualms about,high heeled shoes,high pollen count,Hill Street Blues,home cooked meals
15 Letters,"4,6,5",Hugh Trevor Roper,Iain Duncan Smith,jack knifed lorry,Jean Michel Jarre,John Cowper Powys,John Quincy Adams,John Wilkes Booth,Kill Doctor Lucky,King Edward Point
15 Letters,"4,6,5",knob tailed gecko,last wicket stand,Lead Kindly Light,,,,,,
15 Letters,"4,6,5",long billed pipit,long clawed shrew,long tailed finch,long tailed goral,long tailed shrew,Lord Conrad Black,Lord George Byron,Lord Robert Cecil,made common cause
15 Letters,"4,6,5",make common cause,many banded krait,many banded snake,many scaled anole,many scaled gecko,much sought after,ones native heath,open necked shirt,pale headed gecko
15 Letters,"4,6,5",pale headed munia,pale headed snake,pale rumped swift,pale yellow robin,pied billed grebe,pink footed goose,plum headed finch,Post Office Tower,Rain before seven
15 Letters,"4,6,5",rain soaked pitch,ring necked doves,ring necked snake,ring tailed lemur,rock bottom price,rock pocket mouse,Saxe Coburg Gotha,Sheku Kanneh Mason,some bright spark
15 Letters,"4,6,5",take centre stage,take French leave,take second place,talk double Dutch,This Island Earth,This little piggy,time stands still,took centre stage,took French leave
15 Letters,"4,6,5",took second place,Wall Street crash,well chosen words,well looked after,,,,,
15 Letters,"4,7,1,3",give someone a hug,give someone a tip,sell someone a pup,sold someone a pup,,,,,
15 Letters,"4,7,2,2",drop oneself in it,drop someone in it,have nothing to do,take someone up on,,,,,
15 Letters,"4,7,4",Alec Douglas Home,blue striped mime,bowl someone over,call someone back,Camp Crystal Lake,Cold Comfort Farm,cost someone dear,Dame Rebecca West,dust oneself down
15 Letters,"4,7,4",Eton boating song,fact finding tour,fine toothed comb,fire bellied toad,fire crested wren,fore trysail gaff,four spotted barb,full frontal nude,gets carried away
15 Letters,"4,7,4",give oneself airs,,,,,,,,
15 Letters,"4,7,4",give oneself away,give oneself room,give oneself time,give someone hell,give someone odds,God's waiting room,Gold beaters skin,grey bellied hawk,grey fronted dove
15 Letters,"4,7,4",grey mantled wren,grey shanked douc,half Windsor knot,have another look,have another shot,high calorie diet,high calorie food,high protein diet,high success rate
15 Letters,"4,7,4",hold nothing back,hope against hope,just killing time,just marking time,Keep Britain tidy,keep nothing back,like Caesar's wife,load bearing wall,long crested myna
15 Letters,"4,7,4",long snouted barb,long snouted frog,Love Without Hope,main purpose rule,make friends with,make someone jump,news travels fast,Nun's Priest's tale,pale bellied myna
15 Letters,"4,7,4",peak viewing time,pink bellied moth,race against time,Rain stopped play,role playing game,salt reduced diet,self driving cars,self imposed task,semi skimmed milk
15 Letters,"4,7,4",send someone down,She's Leaving Home,shut oneself away,,,,,,
15 Letters,"4,7,4",side striped barb,star studded cast,stop wasting time,take another look,tear oneself away,this blessed plot,till kingdom come,true service tree,turn someone down
15 Letters,"4,7,4",wear several hats,well drained soil,well imagine that,well trodden down,well trodden path,what happens next,wide mouthed frog,wild service tree,wish someone well
15 Letters,"4,8,3",anti aircraft gun,bend someone's ear,clip someone's ear,dent someone's ego,lead coloured pug,long fingered bat,love conquers all,make someone's day,make yourself ill
15 Letters,"4,8,3",meet someone's eye,only begotten son,open Pandora's box,plum tuckered out,Pope Benedict XVI,pull someone's leg,self educated man,well provided for,well reasoned out
15 Letters,"4,8,3",Wide Sargasso Sea,,,,,,,,
15 Letters,"4,9,2",call attention to,draw attention to,feel aggrieved at,felt aggrieved at,gave sanctuary to,give sanctuary to,made mincemeat of,make mincemeat of,make something up
15 Letters,"4,9,2",pass judgement on,stop bothering me,stop overdoing it,stop pestering me,stop wittering on,take advantage of,take objection to,take exception to,took advantage of
15 Letters,"4,9,2",took exception to,what possessed me,with reference to,,,,,,
15 Letters,"4,11",acid indigestion,anal intercourse,anti abortionist,anti americanism,anti capitalists,anti colonialism,anti colonialist,anti depressants,anti imperialism
15 Letters,"4,11",anti imperialist,anti monarchists,anti trafficking,aria dimitazione,arms traffickers,arms trafficking,ashy woodswallow,auto didacticism,back calculation
15 Letters,"4,11",bare necessities,barn conversions,body temperature,cake decorations,case insensitive,cash transaction,cask conditioned,cask withdrawals,cite particulars
15 Letters,"4,11",cold bloodedness,cold heartedness,cold shouldering,,,,,,
15 Letters,"4,11",Cote Chalonnaise,data compression,data warehousing,Dick Strawbridge,Dick Whittington,drag coefficient,drip transfusion,drug traffickers,drug trafficking
15 Letters,"4,11",dual carriageway,dual citizenship,dual nationality,dual personality,duff information,Earl Mountbatten,easy maintenance,face recognition,fast approaching
15 Letters,"4,11",feel comfortable,feel embarrassed,fine distinction,fire certificate,food connoisseur,food intolerance,food preparation,Ford Thunderbird,foul mouthedness
15 Letters,"4,11",four dimensional,free association,free competition,free translation,fuel consumption,full cooperation,fund supermarket,gain recognition,gave suggestions
15 Letters,"4,11",Gene Roddenberry,gift certificate,give suggestions,good cholesterol,good heartedness,good naturedness,good performance,grey butcherbird,hair conditioner
15 Letters,"4,11",half heartedness,,,,,,,,
15 Letters,"4,11",half wellingtons,hand embroidered,hand pollination,hard heartedness,hard information,hard landscapers,hard landscaping,have intercourse,heir presumptive
15 Letters,"4,11",herb Christopher,hero worshippers,hero worshipping,high cholesterol,high maintenance,high performance,high priestesses,High Renaissance,high temperature
15 Letters,"4,11",home improvement,home renovations,home secretaries,Iain Cuthbertson,idle speculation,idol worshippers,idol worshipping,Jens Stoltenberg,Joan Armatrading
15 Letters,"4,11",John Schlesinger,keep complaining,keep countenance,kept complaining,kind heartedness,King Tutankhamun,kiwi hatchetfish,knee replacement,lack application
15 Letters,"4,11",lack credentials,lack spontaneity,,,,,,,
15 Letters,"4,11",Lady Castlemaine,land reclamation,late replacement,Leni Riefenstahl,less appropriate,less challenging,less comfortable,less competitive,less complicated
15 Letters,"4,11",less fashionable,less intelligent,less interesting,less introverted,less mountainous,less penetrating,less predictable,less protuberant,less respectable
15 Letters,"4,11",less significant,less streamlined,less sympathetic,less troublesome,Lick observatory,life threatening,like gangbusters,live dangerously,live performance
15 Letters,"4,11",loan application,long established,long sightedness,look presentable,Lord Chamberlain,Lord Mountbatten,lost opportunity,Lucy Honeychurch,made accusations
15 Letters,"4,11",made adjustments,made allegations,made alterations,made concessions,made corrections,made suggestions,make accusations,make adjustments,make allegations
15 Letters,"4,11",make alterations,make assumptions,make comfortable,make concessions,make connections,make corrections,make reparations,make restitution,make suggestions
15 Letters,"4,11",male chauvinists,many splendoured,Mare Serenitatis,Mary Steenburgen,mass destruction,mass observation,meat thermometer,Miss Mississippi,Miss Tiggywinkle
15 Letters,"4,11",mock examination,mole electronics,moog synthesizer,more adventurous,more appropriate,more challenging,more comfortable,more competitive,more complicated
15 Letters,"4,11",more fashionable,more imaginative,more influential,more intelligent,more interesting,more introverted,more mountainous,more penetrating,more predictable
15 Letters,"4,11",more protuberant,more respectable,more significant,more streamlined,more sympathetic,more traditional,more troublesome,most comfortable,most efficacious
15 Letters,"4,11",most intelligent,most impertinent,most informative,most interesting,most picturesque,most respectable,most sympathetic,most undesirable,
15 Letters,"4,11",much anticipated,much appreciated,Nazi memorabilia,Nazi sympathiser,near catastrophe,near sightedness,news broadcaster,news commentator,news conferences
15 Letters,"4,11",news corporation,nice distinction,nolo contenderes,norm referencing,open countryside,open heartedness,open hostilities,open punctuation,open scholarship
15 Letters,"4,11",opus reticulatum,oral examination,over elaborating,over embellished,over familiarity,over punctilious,over romanticize,over sentimental,Owen Chamberlain
15 Letters,"4,11",past conditional,past participles,past performance,past progressive,pied butcherbird,pied flycatchers,poor circulation,poor performance,pork sausagemeat
15 Letters,"4,11",pork scratchings,post apocalyptic,post millenarian,post Reformation,Pure Mathematics,rare opportunity,,,
15 Letters,"4,11",reed instruments,reef triggerfish,rent restriction,room reservation,room temperature,Rude Mechanicals,sado masochistic,save appearances,seat reservation
15 Letters,"4,11",self abandonment,self advancement,self advertising,self affirmation,self assuredness,self centredness,self complacency,self confidently,self consciously
15 Letters,"4,11",self contentedly,self contentment,self deceptively,self deliverance,self deprecating,self deprecation,self deprivation,self description,self destruction
15 Letters,"4,11",self destructive,self determining,self development,self disciplined,,,,,
15 Letters,"4,11",self examination,self explanatory,self exploration,self fertilizing,self fulfillment,self humiliation,self importantly,self improvement,self indulgently
15 Letters,"4,11",self instruction,self integration,self observation,self opinionated,self perpetuated,self pollinating,self pollination,self portraiture,self proclaiming
15 Letters,"4,11",self propagating,self propagation,self quantifying,self realisation,self referential,self reinforcing,self replicating,self reproachful,self righteously
15 Letters,"4,11",self sacrificing,self subsistence,self sufficiency,self vindication,self worshipping,semi transparent,Seve Ballesteros,show disapproval,show favouritism
15 Letters,"4,11",show improvement,show sensitivity,soft commodities,soft furnishings,soft southerners,Soil Association,soil conditioner,sole beneficiary,solo performance
15 Letters,"4,11",stop complaining,stop daydreaming,stop interfering,Sulu gollumshark,take painkillers,take photographs,take precautions,take supplements,tent caterpillar
15 Letters,"4,11",Tess Durbeyfield,Thai restaurants,thin skinnedness,time constraints,took painkillers,took photographs,took precautions,tory councillors,tory politicians
15 Letters,"4,11",town councillors,tree decorations,tree worshippers,tres gymnopedies,True Confessions,turf accountants,very comfortable,very fashionable,very intelligent
15 Letters,"4,11",very interesting,very sentimental,very superficial,very sympathetic,very threatening,vice chamberlain,,,
15 Letters,"4,11",visa application,warm bloodedness,warm heartedness,wavy bittercress,weak interaction,well camouflaged,well compensated,well conditioned,well constructed
15 Letters,"4,11",well coordinated,well distributed,well established,well intentioned,well recommended,well upholstered,wind instruments,wind pollination,wine connoisseur
15 Letters,"4,11",wish fulfillment,with compliments,word association,,,,,,
15 Letters,"5,1,3,2,4",shows a bit of wear,,,,,,,,
15 Letters,"5,1,3,3,3",raise a hue and cry,,,,,,,,
15 Letters,"5,1,4,2,3",Fancy a bite to eat,worth a quid or two,,,,,,,
15 Letters,"5,1,4,5",after a slow start,catch a fish alive,fetch a good price,fight a lost cause,given a fair trial,given a good press,given a head start,given a wide berth,leave a sour taste
15 Letters,"5,1,4,5",quite a good start,that's a sore point,,,,,,,
15 Letters,"5,1,5,4",deals a heavy blow,dealt a heavy blow,given a rough ride,keeps a tight rein,never a cross word,never a false move,under a false name,waved a magic wand,waves a magic wand
15 Letters,"5,1,6,3",after a little bit,,,,,,,,
15 Letters,"5,1,7,2",catch a glimpse of,given a talking to,,,,,,,
15 Letters,"5,1,9",abuse a privilege,adopt a pseudonym,cause a commotion,cause a sensation,filed a complaint,files a complaint,Frank W Woolworth,given a hammering,issue a challenge
15 Letters,"5,1,9",issue a manifesto,issue a statement,light a cigarette,lodge a complaint,nurse a grievance,offer a sacrifice,quite a challenge,quite a character,reach a consensus
15 Letters,"5,1,9",reach a crescendo,smoke a cigarette,solve a crossword,using a pseudonym,utter a falsehood,,,,
15 Letters,"5,2,1,3,4",three in a bed romp,,,,,,,,
15 Letters,"5,2,1,4,3",piffy on a rock bun,,,,,,,,
15 Letters,"5,2,1,7",agree on a verdict,birds of a feather,bring in a verdict,burnt to a frazzle,chalk up a victory,clean as a whistle,happy as a sandboy,horns of a dilemma,light as a feather
15 Letters,"5,2,1,7",merry as a cricket,naked as a jaybird,Notes on a Scandal,offer at a bargain,patch up a quarrel,proud as a peacock,snaps up a bargain,speak in a whisper,stick to a routine
15 Letters,"5,2,1,7",talks in a whisper,,,,,,,,
15 Letters,"5,2,2,3,3",Catch Me If You Can,still up in the air,what's in it for her,what's in it for him,what's in it for you,,,,
15 Letters,"5,2,2,6",carry on as normal,Court of St James's,cross of St Andrew,cross of St George,leave it to chance,Leave it to Psmith,money is no object,point of no return,there is no excuse
15 Letters,"5,2,2,6",there is no saying,,,,,,,,
15 Letters,"5,2,3,3,2",stand in the way of,,,,,,,,
15 Letters,"5,2,3,5",abide by the rules,after my own heart,ahead of the curve,ahead of the field,alone in the world,Angel of the North,armed to the teeth,Atlas of the World,babes in the woods
15 Letters,"5,2,3,5",break on the wheel,bring to the front,bring to the party,bring to the table,burnt at the stake,burst at the seams,cards on the table,Carol of the Bells,cheap at the price
15 Letters,"5,2,3,5",chips of the block,clerk of the court,clerk of the works,clerk to the court,Close to the Enemy,close to the limit,close to the truth,cocks on the block,coins of the realm
15 Letters,"5,2,3,5",creak at the seams,crown of the field,Dance of the Hours,,,,,,
15 Letters,"5,2,3,5",Death Be Not Proud,dance to the music,death on the roads,drama in the round,dress to the nines,drink on the house,drive on the right,Enemy of the State,Feast of All Souls
15 Letters,"5,2,3,5",fight to the death,first in the queue,first of the month,flick of the wrist,flock to the beach,floor of the house,front of the queue,froth at the mouth,gives up the fight
15 Letters,"5,2,3,5",gives up the ghost,going by the board,groom of the stole,groom of the stool,hover at the brink,hover on the brink,jewel in the crown,Knife in the Water,leave in the lurch
15 Letters,"5,2,3,5",light of the world,melts in the mouth,moral of the story,mouth of the river,never in the world,Night of the Demon,Night of the Kings,night on the tiles,north of the river
15 Letters,"5,2,3,5",Order in the House,Pasch of the Cross,peace at any price,peers of the realm,piled on the agony,piles on the agony,,,
15 Letters,"5,2,3,5",plays by the rules,power of the press,queen of the night,Queen of the South,quiet as the grave,raise to the bench,rally to the cause,right on the money,scene of the crime
15 Letters,"5,2,3,5",screw up the nerve,shake it all about,ships in the night,signs of the times,sleep on the floor,smack on the wrist,Smoke On The Water,snake in the grass,south of the river
15 Letters,"5,2,3,5",spawn of the devil,speak of the devil,speak to the heart,stand in the queue,State of the Union,stays up all night,stick to the facts,stick to the point,stick to the rules
15 Letters,"5,2,3,5",stick to the story,still in one piece,strip to the waist,stump up the money,swear on the bible,sword in the stone,thorn in the flesh,threw in the towel,throw in the towel
15 Letters,"5,2,3,5",throw to the lions,thumb on the scale,tools of the trade,touch to the quick,tough as old boots,trick of the light,trick of the trade,Vegas of the North,viper in the bosom
15 Letters,"5,2,3,5",waits in the wings,water on the brain,what's it all about,where is thy sting,woman of the cloth,woman of the world,,,
15 Letters,"5,2,4,4",ahead of one's time,clear in one's mind,dying on one's feet,falls on deaf ears,falls on one's feet,fresh in one's mind,given an easy ride,glued to one's seat,glued to your seat
15 Letters,"5,2,4,4",grist to one's mill,grist to your mill,happy in one's work,holds up one's head,light of one's life,light on one's feet,light on your feet,lodge in one's mind,moved in next door
15 Letters,"5,2,4,4",music to one's ears,pates de foie gras,piece of good luck,piece of good news,piece of one's mind,price on one's head,prick up one's ears,Prick Up Your Ears,quick on one's feet
15 Letters,"5,2,4,4",rests on one's oars,screw up one's face,sense of fair play,stand in full view,stand on one's head,stand on one's toes,stars in one's eyes,steps on one's toes,stick to one's guns
15 Letters,"5,2,4,4",stick to your guns,stood on one's head,stuck in one's ways,sweat of one's brow,taken at one's word,taken in good part,tears in one's eyes,think on one's feet,think on your feet
15 Letters,"5,2,4,4",threw in one's hand,throw in one's hand,turns up one's nose,weigh on one's mind,what's on your mind,,,,
15 Letters,"5,2,5,3",catch as catch can,first in first out,month in month out,whiff of fresh air,,,,,
15 Letters,"5,2,6,2",lived to regret it,lives to regret it,,,,,,,
15 Letters,"5,2,8",abbot of unreason,agree to disagree,ahead of schedule,Alien vs Predator,birds of paradise,black as midnight,Board of Aldermen,board of trustees,bread of idleness
15 Letters,"5,2,8",Bring Me Sunshine,bring to fruition,brook no argument,built in cupboard,built in wardrobe,burst of applause,burst of laughter,cards of identity,Carry on Cruising
15 Letters,"5,2,8",Carry On Sergeant,catch by surprise,claim on expenses,comte de brismand,Cotes de Provence,cream of mushroom,Cross of Lorraine,death by drowning,Death in Paradise
15 Letters,"5,2,8",drive by shooting,drive to extremes,droit de seigneur,Duchy of Cornwall,error of judgment,Fanny By Gaslight,Feast of Trumpets,fifth of November,first of December
15 Letters,"5,2,8",first of February,first of November,flock of seagulls,focus of interest,folie de grandeur,force an entrance,Frost at Midnight,gales of laughter,games of football
15 Letters,"5,2,8",games of Scrabble,going to Barbados,goods on approval,grant an audience,hands on approach,Heart of Darkness,Henry of Portugal,,
15 Letters,"5,2,8",House of Assembly,House of Normandy,James of Alphaeus,Jesus of Nazareth,knock it together,lapse of judgment,lapse of security,Largo al Factotum,leave in suspense
15 Letters,"5,2,8",light as gossamer,march of progress,means of approach,model of industry,needs an overhaul,odour of sanctity,offer in exchange,offer of marriage,order of business
15 Letters,"5,2,8",Orfeo ed Euridice,pains au chocolat,pairs of scissors,Palma de Mallorca,Peace of Augsburg,peals of laughter,piece it together,piece of evidence,place of business
15 Letters,"5,2,8",point in question,point of interest,point to pointers,power of attorney,prone to flooding,proof of delivery,proof of identity,proof of purchase,queen of Carthage
15 Letters,"5,2,8",queen of diamonds,queen of puddings,rates of exchange,Roger de Coverley,Roger of Wendover,round of applause,sacks of potatoes,scant of courtesy,seats of learning
15 Letters,"5,2,8",sense of identity,sense of occasion,sense of security,shack up together,short of practice,shred of evidence,Siege of Khartoum,Simon de Montfort,sinus of Valsalva
15 Letters,"5,2,8",Spies in Disguise,,,,,,,,
15 Letters,"5,2,8",stamp of approval,stand no nonsense,stand on ceremony,stand up comedian,stand up straight,start an argument,state of collapse,state of suspense,stick of dynamite
15 Letters,"5,2,8",stops to consider,sweep up exercise,sword of Damocles,table of contents,taken by surprise,takes by surprise,third of December,third of November,token of goodwill
15 Letters,"5,2,8",tower of strength,trial of strength,under no illusion,Union is strength,unite in marriage,unity is strength,Walls of Limerick,where is everyone,World of Warcraft
15 Letters,"5,2,8",years of practice,years of solitude,,,,,,,
15 Letters,"5,3,1,3,3",leave not a dry eye,,,,,,,,
15 Letters,"5,3,1,6",carry out a census,every one a winner,never had a chance,never had a prayer,pause for a moment,teach you a lesson,works for a living,you've Got A Friend,
15 Letters,"5,3,2,1,4",break out in a rash,knock all of a heap,Three Men in a Boat,,,,,,
15 Letters,"5,3,2,5",bores one to tears,close but no cigar,drift off to sleep,drive one to drink,eight out of eight,given the go ahead,gives the go ahead,laugh out of court,learn how to drive
15 Letters,"5,3,2,5",learn how to write,learn off by heart,ruled out of court,seven out of seven,taken out to lunch,three out of three,tough nut to crack,you've got me there,
15 Letters,"5,3,3,4",along for the ride,break the bad news,bring and buy sale,bring the sky down,every now and then,feast for the eyes,given the low down,grist for the mill,holds all the aces
15 Letters,"5,3,3,4",hoped for the best,hopes for the best,laugh and lie down,leave the way open,money for old rope,Peace for our time,Peter and the Wolf,quick off the mark,reach for the moon
15 Letters,"5,3,3,4",right off the reel,slips off the hook,speak off the cuff,spoke off the cuff,stray off the path,swept off her feet,tells its own tale,thank god for that,threw off the yoke
15 Letters,"5,3,3,4",throw off the yoke,what's all the fuss,what's the big deal,what's the big idea,World War Two bomb,,,,
15 Letters,"5,3,4,3",Annie Get Your Gun,catch the last bus,learn the hard way,paint the town red,reads the riot act,Seven Men from Now,since the year dot,thank you kind sir,Waste not Want not
15 Letters,"5,3,4,3",what's got into you,,,,,,,,
15 Letters,"5,3,5,2",along the lines of,black and white TV,given the heave ho,maybe yes maybe no,place the blame on,spill the beans on,swell the ranks of,think the world of,think the worst of
15 Letters,"5,3,5,2",throw new light on,throw the towel in,under the aegis of,Where the Heart Is,,,,,
15 Letters,"5,3,7",Abbey Lee Kershaw,above the average,above the horizon,above the parapet,above the weather,aided and abetted,aider and abettor,alive and kicking,avoid eye contact
15 Letters,"5,3,7",Bells are Ringing,below the horizon,below the surface,blood and thunder,board and lodging,brave the weather,break all records,break the silence,broke all records
15 Letters,"5,3,7",broke the records,broke the silence,built for comfort,bully boy tactics,,,,,
15 Letters,"5,3,7",catch off balance,cause for concern,chase the rainbow,cheat the gallows,china tea service,chops and changes,clean the windows,clear the backlog,click and collect
15 Letters,"5,3,7",count for nothing,count the pennies,count the seconds,cover for someone,cross the Channel,cross the Rubicon,cruel and unusual,cycle two abreast,David and Goliath
15 Letters,"5,3,7",death bed visions,Diana and Actaeon,Dives and Lazarus,dodge the showers,Dutch elm disease,early day motions,early one morning,empty the rubbish,enjoy the scenery
15 Letters,"5,3,7",every few minutes,facts and figures,fight for freedom,filed for divorce,files for divorce,Fionn mac Cumhaill,force the bidding,front row forward,glitz and glamour
15 Letters,"5,3,7",Green Bay Packers,green ink brigade,hello and goodbye,Henry the Seventh,joint and several,judge for oneself,leave the country,looks for trouble,lower the curtain
15 Letters,"5,3,7",mince and tatties,money for nothing,neeps and tatties,Notes and Queries,,,,,
15 Letters,"5,3,7",Oscar and Lucinda,pause for thought,peaks and troughs,Perth and Kinross,press for payment,press the trigger,pulls the strings,pulls the trigger,queen and country
15 Letters,"5,3,7",Quest for Camelot,quite the reverse,raise the curtain,raise the profile,raise the spectre,raise the spirits,reach new heights,ready and waiting,ready and willing
15 Letters,"5,3,7",rings the changes,Royal and Ancient,scale new heights,scale the heights,scoop the jackpot,serve the purpose,serve two masters,share the expense,share top billing
15 Letters,"5,3,7",shift for oneself,short and curlies,smoke and mirrors,solve the problem,sorry for oneself,sound the retreat,sound the warning,South Sea Islands,speak for oneself
15 Letters,"5,3,7",speak out against,split the whistle,stand and deliver,,,,,,
15 Letters,"5,3,7",stars and stripes,start the bidding,state the obvious,storm the citadel,Sugar Ray Leonard,suits the purpose,sweep the chimney,sword and buckler,taken for granted
15 Letters,"5,3,7",takes for granted,takes the biscuit,taste the pudding,think for oneself,three day eventer,three day weekend,threw the javelin,throw off balance,throw the javelin
15 Letters,"5,3,7",toast and Marmite,tried and trusted,turns the stomach,twist the meaning,under the counter,under the surface,Under The Volcano,under the weather,unfit for purpose
15 Letters,"5,3,7",Wayde van Niekerk,what's the verdict,wines and spirits,Wings for Victory,world cup winners,you're not kidding,you're not serious,,
15 Letters,"5,4,1,5",blood from a stone,break into a smile,break into a sweat,broke into a sweat,cling like a leech,drive home a point,drove home a point,here's what I think,laugh like a drain
15 Letters,"5,4,1,5",never cast a clout,never miss a trick,slips down a treat,stick like a leech,treat like a child,works like a charm,works like a dream,,
15 Letters,"5,4,2,4",bring back to life,comes back to life,first port of call,flirt with an idea,going back in time,lower form of life,might just as well,never live it down,north east by east
15 Letters,"5,4,2,4",north west by west,place side by side,Queen Anne is dead,Queen Mary of Teck,Seven Days to Noon,Seven Seas of Rhye,south east by east,south west by west,spare ribs of pork
15 Letters,"5,4,2,4",There Goes My Baby,three sets to love,what's done is done,what's past is past,where does it hurt,white rose of York,Would that it were,wrong kind of snow,
15 Letters,"5,4,3,3",break down and cry,brush with the law,Crime does not pay,grate upon the ear,Green Eggs and Ham,Holme next the Sea,leave high and dry,phone nine one one,roger over and out
15 Letters,"5,4,3,3",shoot from the hip,three twos are six,throw away the key,throw into the mix,under lock and key,watch what you say,water over the dam,Wells next the Sea,
15 Letters,"5,4,4,2",close your eyes to,didn't have much on,feast your eyes on,prick one's ears up,prick your ears up,raise one's hand to,shake one's fist at,stick one's nose in,stick your nose in
15 Letters,"5,4,4,2",that's more like it,threw one's hand in,throw one's hand in,thumb one's nose at,thumb your nose at,turns one's nose up,,,
15 Letters,"5,4,6",about one's person,alter one's course,argue one's corner,Baile Atha Cliath,beset with danger,birds nest orchid,break into pieces,bring into effect,broke into pieces
15 Letters,"5,4,6",build back better,burst into flames,burst one's bubble,catch one's breath,catch your breath,chase one's dreams,chase one's losses,chase your dreams,clear one's throat
15 Letters,"5,4,6",close knit family,comes full circle,cools one's ardour,cover one's tracks,cover your tracks,crash bang wallop,cream eyed bulbul,crook one's finger,cross that bridge
15 Letters,"5,4,6",Daily Mail reader,Dress down Friday,dusky crag martin,dwarf flat lizard,enjoy good health,erect rope sponge,every last detail,fairy tale ending,false flag attack
15 Letters,"5,4,6",fight one's corner,first time buyers,flirt with danger,Forth Road Bridge,front line troops,giant musk turtle,Gibbs free energy,girls' high school,going into battle
15 Letters,"5,4,6",going into hiding,great grey shrike,,,,,,,
15 Letters,"5,4,6",Great Rift Valley,Great Salt Desert,green tree python,honed one's skills,hones one's skills,inner dead centre,James Keir Hardie,jolly good fellow,Jorge Luis Borges
15 Letters,"5,4,6",Knock down Ginger,knock down prices,learn one's lesson,light bulb moment,lower case letter,lower one's sights,lower than vermin,Mandy Rice Davies,manna from heaven
15 Letters,"5,4,6",moral high ground,morse code signal,multi fuel stoves,music hall artist,Neath Port Talbot,never been kissed,never felt better,night time curfew,nurse one's wounds
15 Letters,"5,4,6",Nyree Dawn Porter,outer dead centre,paulo post future,peace with honour,peach bark beetle,Peter Paul Rubens,place one's stakes,place your stakes,prove one's mettle
15 Letters,"5,4,6",punch one's weight,,,,,,,,
15 Letters,"5,4,6",punch your weight,Quick Draw Mcgraw,raise one's sights,reach rock bottom,ready made excuse,right full rudder,right half rudder,rough puff pastry,seize one's chance
15 Letters,"5,4,6",seven days notice,shift one's ground,short haul flight,short term memory,short toed coucal,slake one's thirst,small dung beetle,Small Time Crooks,smash into pieces
15 Letters,"5,4,6",solid fuel rocket,solid fuel stoves,speak your weight,spiny crag lizard,stage door Johnny,stand one's ground,stand your ground,stung into action,swing into action
15 Letters,"5,4,6",Swiss army knives,Three Mile Island,three ring circus,tight knit family,tried one's utmost,turns full circle,under one's breath,upper case letter,Upton upon Severn
15 Letters,"5,4,6",Urban heat island,waive one's rights,waste one's breath,waste your breath,watch one's weight,Watch with Mother,watch your weight,what's your poison,white dead nettle
15 Letters,"5,4,6",white eyed attila,white eyed thrush,white man's burden,worth one's weight,you're Darn Tootin,You've Been Framed,Yuval Noah Harari,,
15 Letters,"5,5,1,4",didn't sleep a wink,Sweet Child o' Mine,Three Times a Lady,,,,,,
15 Letters,"5,5,2,3",crazy mixed up kid,merry month of May,never heard of him,small price to pay,,,,,
15 Letters,"5,5,5",along these lines,along those lines,Bills Bills Bills,Billy Goats Gruff,black eared fairy,black eared miner,black eared mouse,black faced munia,black sided robin
15 Letters,"5,5,5",break break break,brown onion sauce,Cerne Abbas Giant,chuck wills widow,Cider House Rules,close order drill,Colin McRae Rally,cross enemy lines,cross party talks
15 Letters,"5,5,5",crown green bowls,Daisy Edgar Jones,daisy print wheel,Dingy Saint Clair,drink drive limit,Dutch draft horse,dwarf sperm whale,eight score draws,eight times table
15 Letters,"5,5,5",enter stage right,every other month,fancy dress balls,fancy dress party,fibre optic cable,fiery spiny mouse,fifty first state,fifty pence piece,fifty pound notes
15 Letters,"5,5,5",first class stamp,forty eight hours,forty eight years,fresh fruit salad,front wheel drive,giant blind snake,giant mouse lemur,giant otter shrew,giant river otter
15 Letters,"5,5,5",Gimme Gimme Gimme,Girls Girls Girls,Grand Trunk Canal,Grand Union canal,,,,,
15 Letters,"5,5,5",great green macaw,great harpy eagle,Great Vowel Shift,great white egret,great white heron,great white shark,hairy nosed otter,haste makes waste,heavy metal bands
15 Letters,"5,5,5",heavy metal music,Heinz Baked Beans,Helen Wills Moody,hello hello hello,hippy hippy shake,Horse Under Water,house price crash,Jenna Dewan Tatum,knock knock jokes
15 Letters,"5,5,5",knock three times,laver spire shell,love's young dream,might makes right,Milly Molly Mandy,money makes money,Money Money Money,Monte Carlo Rally,month after month
15 Letters,"5,5,5",Never Gonna Dance,Nobel peace prize,ocean going liner,point blank range,prima inter pares,pygmy mouse lemur,pygmy mulga snake,pygmy right whale,pygmy sperm whale
15 Letters,"5,5,5",raise false hopes,reach fever pitch,rough green snake,Royal Crown Derby,Royal Opera House,,,,
15 Letters,"5,5,5",Royal Scots Greys,Sacha Baron Cohen,Saint Vitus dance,Seine Saint Denis,seven times seven,seven times table,share price index,short extra cover,short nosed snake
15 Letters,"5,5,5",short sharp shock,small eared shrew,small eared skink,solid state drive,sooty faced finch,split level house,stand stock still,still small voice,stood stock still
15 Letters,"5,5,5",storm force winds,Sweet Fanny Adams,tawny faced quail,tawny nurse shark,think twice about,three piece suite,three times table,three times three,Tikki Tikki Tembo
15 Letters,"5,5,5",trans fatty acids,under armed guard,under close guard,under plain cover,white blood cells,white court shoes,white eared sibia,white naped crane,white naped swift
15 Letters,"5,5,5",white nosed coati,white slave trade,whole grain bread,whole grain flour,whole wheat bread,whole wheat pasta,Woman Times Seven,Words words words,world class saves
15 Letters,"5,5,5",world class teams,worth every penny,yadda yadda yadda,you'll never guess,,,,,
15 Letters,"5,6,2,2",think better of it,,,,,,,,
15 Letters,"5,6,4",after dinner mint,after school club,avoid prying eyes,black capped lory,black cuckoo dove,black headed gull,black headed ibis,black necked swan,black tailed deer
15 Letters,"5,6,4",black tailed gull,black tailed ibis,black winged kite,black winged lory,broad billed tody,broad leaved tree,brown banded rail,brown cuckoo dove,brown hooded gull
15 Letters,"5,6,4",brown lapped moth,bushy tailed jird,cloud cuckoo land,,,,,,
15 Letters,"5,6,4",coram domino rege,crape myrtle tree,cross border raid,cross swords with,curry favour with,drawn thread work,dusky turtle dove,dwarf rocket frog,eight letter word
15 Letters,"5,6,4",every single time,extra strong mint,fifty dollar bill,first degree burn,Franz Joseph Land,giant barred frog,giant golden mole,Great Fisher Bank,green winged teal
15 Letters,"5,6,4",hairy tailed mole,harts tongue fern,Harry Edward Kane,human guinea pigs,India rubber tree,Lapis lazuli ware,large billed crow,large billed lark,large billed tern
15 Letters,"5,6,4",large headed goby,large leaved lime,Mary's little lamb,multi player game,never looked back,omnia vincit amor,plain tailed wren,pygmy forest frog,ready cooked meal
15 Letetrs,"5,6,4",Ready Steady Cook,Rhode Island reds,Royal Albert Hall,ruddy cuckoo dove,ruddy ground dove,rusty tipped page,seven deadly sins,,
15 Letters,"5,6,4",seven letter word,seven nation army,short memory span,short tailed vole,slaty backed gull,small disked frog,small headed frog,small leaved lime,smoke filled room
15 Letters,"5,6,4",sooty headed wren,south facing wall,straw necked ibis,table tennis ball,table tennis bats,their finest hour,think things over,third degree burn,three course meal
15 Letters,"5,6,4",three French hens,three legged crow,three legged race,three letter word,three little pigs,three seater sofa,turns upside down,ultra violet rays,under twenty ones
15 Letters,"5,6,4",waist length hair,wedge tailed jery,what's today's date,Where Eagles Dare,where there's life,while stocks last,white necked crow,white necked hawk,white rumped hawk
15 Letters,"5,6,4",white tailed deer,white tailed hawk,white tailed kite,white tailed lark,white tipped dove,white winged dove,white winged duck,white winged lark,white winged tern
15 Letters,"5,7,3",black chested jay,black crested tit,brown mastiff bat,bushy crested jay,catch someone out,cross country run,Death Becomes Her,death defying act,drown someone out
15 Letters,"5,7,3",early closing day,every mother's son,extra marital sex,freak someone out,giant mottled eel,giant pouched rat,giant thicket rat,heavy machine gun,hoary wattled bat
15 Letters,"5,7,3",knock oneself out,leave nothing out,Lewis machine gun,light machine gun,minor falling out,Russo Swedish War,rusty spotted cat,sabre toothed cat,Saint Andrews Day
15 Letters,"5,7,3",Saint Bernard dog,Saint George's Day,sound someone out,stark staring mad,Sunda leopard cat,Three Colours Red,white bellied rat,world without end,worth waiting for
15 Letters,"5,8,2",keeps cropping up,place reliance on,psych yourself up,,,,,,
15 Letters,"5,9,1",Queen Elizabeth I,,,,,,,,
15 Letters,"5,10",acute alcoholism,added attraction,admit everything,aging population,Albus Dumbledore,alien spacecraft,Allan Quatermain,anger management,Annus horribilis
15 Letters,"5,10",Anton Rubinstein,armed neutrality,armed resistance,Artur Rubenstein,Ascot Racecourse,asked permission,asset management,Audit Commission,azure dollarbird
15 Letters,"5,10",azure kingfisher,bacon sandwiches,Baron Munchausen,basal metabolism,batch processing,beach volleyball,Beryl Bainbridge,,
15 Letters,"5,10",bible worshipper,black hairstreak,black marketeers,black rhinoceros,black woodpecker,blank cartridges,blank expression,blood substitute,blunt instrument
15 Letters,"5,10",Boaty McBoatface,boeuf bourgignon,brain specialist,brake horsepower,brass instrument,brief encounters,broad mindedness,broad shouldered,brown hairstreak
15 Letters,"5,10",build confidence,cable television,cameo appearance,carry conviction,casts aspersions,cause discomfort,chalk escarpment,cheap aftershave,
15 Letters,"5,10",cheap imitations,chess tournament,chief bridesmaid,chief magistrate,chief prosecutor,Chief Technician,child psychology,Chris Bonnington,clear conscience
15 Letters,"5,10",clear headedness,close encounters,close friendship,close inspection,court appearance,court injunction,court martialled,crime passionnel,crime prevention
15 Letters,"5,10",crony capitalism,crook shouldered,cross fertilised,cross fertilized,,,,,
15 Letters,"5,10",cross fertilizes,cross pollinated,cross questioned,cross referenced,cross references,crown prosecutor,cubic centimetre,daily occurrence,dance attendance
15 Letters,"5,10",David Hasselhoff,Denis Villeneuve,depth psychology,devil worshipers,devil worshiping,devil worshipper,didn't understand,downy woodpecker,drift downstream
15 Letters,"5,10",drill instructor,drugs trafficker,dusky leaftosser,dwarf honeyguide,dwarf pufferfish,dwarf salamander,early retirement,earth shattering,empty headedness
15 Letters,"5,10",enjoy yourselves,extra curricular,fairy godmothers,exude confidence,false accounting,,,,
15 Letters,"5,10",false accusation,false allegation,false impression,fancy restaurant,Fatal Attraction,femme incomprise,field boundaries,fifth columnists,final reductions
15 Letters,"5,10",first conviction,first generation,first impression,first instalment,first lieutenant,first principles,fixed expression,fleet submarines,flint arrowheads
15 Letters,"5,10",flood protection,Floyd Mayweather,freak conditions,fresh vegetables,fries melkschaap,frost protection,fully guaranteed,Giant Clothespin,giant cuttlefish
15 Letters,"5,10",giant damselfish,giant guitarfish,giant honeyeater,giant kingfisher,giant malleefowl,globe artichokes,Goran Ivanisevic,Grand Inquisitor,grant maintained
15 Letters,"5,10",grant permission,grave misgivings,Great Depression,great grandchild,,,,,
15 Letters,"5,10",Great Torrington,Great Willowherb,green chartreuse,green hairstreak,green junglefowl,green kryptonite,green revolution,green vegetables,green woodpecker
15 Letters,"5,10",gross misconduct,gross negligence,group discussion,guest appearance,gypsy encampment,hairy woodpecker,hardy perennials,harsh conditions,hasty conclusion
15 Letters,"5,10",heady atmosphere,heart foundation,heart specialist,heart transplant,heath fritillary,heavy casualties,heavy congestion,heavy handedness,Henry Longfellow
15 Letters,"5,10",Henry Williamson,Hoagy Carmichael,hoary willowherb,Holly Willoughby,Hotel California,hotel inspectors,hotel proprietor,human cannonball,inner barristers
15 Letters,"5,10",Iraqi government,Irish Wolfhounds,James Gandolfini,James Hargreaves,James Harrington,James Rosenquist,James Steerforth,,
15 Letters,"5,10",Joely Richardson,joint communique,joint enterprise,joint negligence,joint possession,joint resolution,Judas Maccabaeus,karst topography,Keith Waterhouse
15 Letters,"5,10",Khloe Kardashian,knick knackatory,known associates,lacks commitment,lacks compassion,lacks conviction,lacks enthusiasm,lacto vegetarian,large woodshrike
15 Letters,"5,10",Latin hexameters,Laura Kuenssberg,least flycatcher,least resistance,leave unfinished,legal profession,legal separation,lesser melampitta,level headedness
15 Letters,"5,10",light headedness,lilac kingfisher,light mindedness,liver transplant,lobby parliament,local attraction,local councillor,local difficulty,local government
15 Letters,"5,10",Loire Atlantique,looks delightful,loose connection,Love's Philosophy,loyal supporters,Luigi Boccherini,Luigi Pirandello,Lynda Bellingham,
15 Letters,"5,10",magic ingredient,manic depression,manic depressive,Marie Antoinette,marsh cinquefoil,marsh fritillary,minor adjustment,minor aristocrat,model aeroplanes
15 Letters,"5,10",money launderers,money laundering,moral degeneracy,moral imperative,moral obligation,moral philosophy,moral principles,Mount Shishaldin,muddy footprints
15 Letters,"5,10",nasal congestion,nasal prosthesis,Nasca Earthworks,naval architects,naval engagement,naval operations,needs addressing,newly introduced,Nicol Williamson
15 Letters,"5,10",Nigel Molesworth,night starvation,,,,,,,
15 Letters,"5,10",noble mindedness,noise cancelling,noisy neighbours,north countryman,north countrymen,north eastwardly,North Vietnamese,north westwardly,offer allegiance
15 Letters,"5,10",offer resistance,older generation,oozed confidence,oozes confidence,organ transplant,Oscar nomination,owner occupation,panel discussion,papal ambassador
15 Letters,"5,10",paper aeroplanes,party atmosphere,party conference,party invitation,peace protesters,peace protestors,,,
15 Letters,"5,10",penal settlement,Peter Oosterhuis,Peter Schmeichel,Peter Stuyvesant,petty bureaucrat,petty mindedness,phase modulation,phase transition,pitch inspection
15 Letters,"5,10",pizza restaurant,plain chachalaca,plain chocolates,Plays Unpleasant,polar expedition,press conference,press regulation,Price Kensington,price reductions
15 Letters,"5,10",prima ballerinas,prior engagement,privy councillor,privy counsellor,prize crosswords,pygmy copperhead,pygmy flycatcher,pygmy pikeconger,pygmy salamander
15 Letters,"5,10",quasi cultivated,quasi diplomatic,quasi experiment,quasi legitimate,,,,,
15 Letters,"5,10",quasi scientific,quasi theatrical,queen parrotfish,quick inspection,quick wittedness,quiet confidence,quite delightful,quite despicable,quite disgusting
15 Letters,"5,10",quite disturbing,quite exhausting,quite frequently,quite impossible,quite reasonable,quite ridiculous,quite surprising,quite unexpected,radio astronomer
15 Letters,"5,10",radio broadcasts,radio controlled,Radio Luxembourg,radio presenters,radio technician,radio telescopes,raise objections,Ralph Richardson,rapid succession
15 Letters,"5,10",reach perfection,rebel stronghold,right handedness,right hemisphere,right honourable,right mindedness,,,
15 Letters,"5,10",rigid discipline,risky investment,risus sardonicus,Robin Goodfellow,Roger Hargreaves,Roman Abramovich,Roman settlement,round shouldered,royal commission
15 Letters,"5,10",Royal Copenhagen,royal procession,ruddy kingfisher,ruddy treerunner,Rufus Wainwright,sable stripetail,Saint Bernadette,Saint Columbanus,Saint Petersburg
15 Letters,"5,10",sales consultant,sales resistance,scaly dragonfish,sense impression,sense perception,shark repellents,sheer effrontery,short circuiting,shows initiative
15 Letters,"5,10",Simon Boccanegra,slave trafficker,slide projection,small businesses,small mindedness,small percentage,smoke inhalation,solar prominence,sooty barbthroat
15 Letters,"5,10",sooty shearwater,sooty woodpecker,sound investment,South Australian,south eastwardly,South Vietnamese,south westerlies,south westwardly,space travellers
15 Letters,"5,10",space travelling,spiky nudibranch,,,,,,,
15 Letters,"5,10",split infinitive,staff restaurant,stage directions,stage management,stamp collecting,stamp collection,stamp collectors,stand offishness,state capitalism
15 Letters,"5,10",state censorship,state controlled,state department,state sanctioned,steam locomotive,stiff neckedness,stiff opposition,stiff resistance,stock characters
15 Letters,"5,10",Stoke Mandeville,store detectives,sugar plantation,sugar substitute,Summa Theologica,super injunction,surge protection,Susan Rothenberg,swear allegiance
15 Letters,"5,10",swing drawbridge,sword swallowers,sword swallowing,swore allegiance,table decoration,takes precedence,teeth chattering,tempt Providence,tense atmosphere
15 Letters,"5,10",third generation,three dimensions,Three Musketeers,tiger salamander,,,,,
15 Letters,"5,10",Titus Andronicus,token punishment,token resistance,tooth extraction,trade delegation,trade exhibition,train passengers,trial separation,trite expression
15 Letters,"5,10",truly remarkable,trust implicitly,turps substitute,under advisement,under discussion,under obligation,under quarantine,union membership,upper atmosphere
15 Letters,"5,10",upper management,urban guerrillas,utter barristers,value judgements,Vasyl Lomachenko,video conference,vital statistics,watch television,water resistance
15 Letters,"5,10",water sprinklers,waved woodpecker,Welsh Parliament,wheel animalcule,white corpuscles,white rhinoceros,Wilma Flintstone,woody nightshade,Woody Woodpecker
15 Letters,"5,10",world domination,world shattering,worth preserving,wrong headedness,wrong impression,wrong mindedness,Yours faithfully,youth hostellers,youth hostelling
15 Letters,"5,10",zebra turkeyfish,Zelda Fitzgerald,,,,,,,
15 Letters,"6,1,3,3,2",making a run for it,,,,,,,,
15 Letters,"6,1,3,5",Larsen C ice shelf,leaves a bad taste,scored a hat trick,scores a hat trick,strike a bad patch,struck a bad patch,turned a few heads,,
15 Letters,"6,1,4,4",having a good time,lasted a long time,pulled a long face,strike a rich vein,strike a sour note,taking a back seat,walked a fine line,,
15 Letters,"6,1,5,3",turned a blind eye,They're a Weird Mob,,,,,,,
15 Letters,"6,1,8",accept a proposal,always a pleasure,caused a nuisance,causes a nuisance,climbs a mountain,earned a reprieve,Edward G Robinson,elicit a response,offers a lifeline
15 Letters,"6,1,8",raised a question,raises a question,scored a bullseye,scores a bullseye,signed a contract,sprang a surprise,spring a surprise,staged a comeback,staged a recovery
15 Letters,"6,1,8",stages a comeback,thrown a lifeline,throws a lifeline,,,,,,
15 Letters,"6,2,1,3,3",bright as a new pin,,,,,,,,
15 Letters,"6,2,1,6",bright as a button,burned to a cinder,fought to a finish,friend of a friend,hungry as a hunter,puppet on a string,reason in a circle,riding on a donkey,scrape up a living
15 Letters,"6,2,1,6",wallop in a tether,,,,,,,,
15 Letters,"6,2,2,5",Chapel en le Frith,enough to go round,gummed it to death,laying it on thick,laying on of hands,plenty to go round,Spirit of St Louis,,
15 Letters,"6,2,3,2,2",enough to get by on,,,,,,,,
15 Letters,"6,2,3,4",afraid of the dark,Allure of the Seas,asleep at the helm,Battle of the Nile,beaten at the post,Beware of the bull,Beware of the dogs,Blowin' in the Wind,bottom of the form
15 Letters,"6,2,3,4",bottom of the heap,bottom of the list,bottom of the pile,bridge of the nose,Candle in the Wind,Castle on the Hill,caught in the deep,caught in the open,cherry on the cake
15 Letters,"6,2,3,4",closer to the mark,Crying in the Rain,cuckoo in the nest,damned if you don't,,,,,
15 Letters,"6,2,3,4",Dancer in the Dark,driven to the wall,driven up the wall,drives up the wall,farmer in the dell,filled in the gaps,forget me not blue,frozen to the spot,Houses of the Holy
15 Letters,"6,2,3,4",Idylls of the King,jokers in the pack,keeper of the keys,knight of the Bath,knight of the road,knight of the whip,knocks on the head,landed on the moon,leader of the gang
15 Letters,"6,2,3,4",leader of the pack,leaves on the line,lights up the room,listen to the news,little do you know,living in the past,master of the hunt,middle of the road,Mother of the Free
15 Letters,"6,2,3,4",Murder in the Dark,nectar of the gods,pacing up and down,phases of the moon,pipped at the post,Planet of the Apes,player of the year,praise ye the Lord,Psmith in the City
15 Letters,"6,2,3,4",Puttin on the Ritz,renege on the deal,Return of the Jedi,return to the fold,return to the fray,revert to the wild,rooted to the spot,rotten to the core,scared of the dark
15 Letters,"6,2,3,4",scored an own goal,scores an own goal,scroll to the left,scruff of the neck,second on the left,shades of the past,shaken to the core,shrink in the wash,Singin in the Rain
15 Letters,"6,2,3,4",smells of the lamp,soaked to the skin,spider in the bath,sprint to the line,stacks on the mill,steady as she goes,steady on old chap,sticks to the plot,sticks to the ribs
15 Letters,"6,2,3,4",straws in the wind,Strike Up The Band,stroke of bad luck,stumps up the cash,Tarzan of the Apes,thrown to the dogs,thrust to one side,thrust to the side,thrust to the wall
15 Letters,"6,2,3,4",tiller of the soil,travel to the Moon,turned on its head,walked on the moon,walked up and down,wallow in the mire,Walton on the Naze,warmed to the task,weighs up the odds
15 Letters,"6,2,3,4",whites of the eyes,wither on the vine,Wonder of the Seas,,,,,,
15 Letters,"6,2,4,3",cannot or will not,refuse to give way,skated on thin ice,skates on thin ice,,,,,
15 Letters,"6,2,5,2",refuse to admit it,,,,,,,,
15 Letters,"6,2,7",afraid of heights,amount to nothing,Angels in America,apples to oranges,arrive by courier,ascent of Everest,Barber of Seville,Barkus is willing,Barrel of Monkeys
15 Letters,"6,2,7",Barrow in Furness,Battle of Ashdown,Battle of Britain,Battle of Dunkirk,Battle of Evesham,Battle of Falkirk,Battle of Flodden,Battle of Jutland,Battle of Leipzig
15 Letters,"6,2,7",Battle of Lepanto,Battle of Leuctra,Battle of Okinawa,Battle of Plataea,Battle of Preston,Battle of Salamis,Battle of Vitoria,breach of conduct,breach of promise
15 Letters,"6,2,7",breast of chicken,Brigit of Kildare,bucket of popcorn,called to account,centre of gravity,,,,
15 Letters,"6,2,7",chains of command,change of address,change of clothes,change of opinion,change of routine,change of scenery,change of tactics,chests of drawers,Church of England
15 Letters,"6,2,7",Church of Ireland,circle of friends,comedy of manners,commit an offence,commit an outrage,course of justice,courts of justice,crimes of passion,crumbs of comfort
15 Letters,"6,2,7",Daphne du Maurier,depths of despair,devoid of content,devoid of emotion,devoid of feeling,devoid of meaning,doctor of letters,doomed to failure,failed to connect
15 Letters,"6,2,7",failed to deliver,femmes de chambre,filles de chambre,fixity of purpose,Forest of Bowland,friend of Dorothy,Garden of England,grooms in waiting,guilty as charged
15 Letters,"6,2,7",hazard an opinion,Heaven be praised,heaven of heavens,height of fashion,hiding to nothing,hiding to nowhere,infirm of purpose,joined up writing,Julian of Norwich
15 Letters,"6,2,7",ladies in waiting,,,,,,,,
15 Letters,"6,2,7",ladies of leisure,launch an assault,League of Nations,Masque of Anarchy,Master of Puppets,Master of Science,matter of concern,matter of opinion,middle of nowhere
15 Letters,"6,2,7",minute of silence,moment of inertia,moment of madness,mother of vinegar,Museum of Mankind,nature or nurture,Newton le Willows,Nobody is perfect,object of worship
15 Letters,"6,2,7",Origin of Species,Osorio da Fonseca,Palais de Nations,pander to someone,pillar of society,places of worship,plague of locusts,Plains of Abraham,Please Mr Postman
15 Letters,"6,2,7",plucks up courage,Prince of Arragon,Prince of Denmark,Prince of Thieves,purple of Cassius,qualis ab incepto,raised an eyebrow,reason to believe,reduce to poverty
15 Letters,"6,2,7",reduce to silence,refuse to comment,refuse to testify,repent at leisure,return on capital,return to reality,riches of Solomon,rivers of Babylon,rumble of thunder
15 Letters,"6,2,7",Rupert of Hentzau,safety in numbers,scales of Justice,school of science,school of thought,second in command,second of January,serves no purpose,shield of Solomon
15 Letters,"6,2,7",shiver me timbers,shiver my timbers,Shoals of Herring,slough of despond,,,,,
15 Letters,"6,2,7",spirit of ecstasy,spoils of victory,Statue of Liberty,sticks of rhubarb,Strait of Messina,stream of thought,stress of weather,suffer in silence,Summer of Rockets
15 Letters,"6,2,7",summon up courage,Temple of Artemis,Temple of Hathoor,Temple of Solomon,Teresa di Vicenzo,Thales of Miletus,there's no justice,there's no telling,thrive on neglect
15 Letters,"6,2,7",Thomas de Quincey,topped up pension,Treaty of Berwick,Treaty of Dunkirk,Treaty of Locarno,Treaty of Ryswick,Treaty of Trianon,Treaty of Utrecht,united in wedlock
15 Letters,"6,2,7",unsure of oneself,valets de chambre,volume of traffic,waiver of premium,Wealth of Nations,weight of numbers,weight of opinion,Willem de Kooning,wisdom of Solomon
15 Letters,"6,2,7",wonder of wonders,Yeomen of England,,,,,,,
15 Letters,"6,3,1,5",shorts and T shirt,,,,,,,,
15 Letters,"6,3,2,4",living out of cans,refuse out of hand,reject out of hand,,,,,,
15 Letters,"6,3,3,3",before you can say,haven't got all day,Jingle all the way,landed the top job,living for the day,parted the Red Sea,Prayer for the Day,remove the red eye,semper ubi sub ubi
15 Letters,"6,3,3,3",Tarzan the Ape Man,turned the tap off,uphill all the way,,,,,,
15 Letters,"6,3,4,2",before you know it,better out than in,rather you than me,,,,,,
15 Letters,"6,3,6",across the border,across the detail,across the divide,across the street,across the tracks,alpine ski racing,alpine ski resort,Anansi the Spider,Angels and Demons
15 Letters,"6,3,6",Anyone for tennis,Apollo and Daphne,around the corner,ascend the throne,assume the mantle,backed the winner,barred and bolted,behind the clouds,behind the scenes
15 Letters,"6,3,6",better and better,beyond all reason,Beyond the Fringe,bigger and better,bigger and bigger,biting the  bullet,bobbed and weaved,Bogart and Bacall,
15 Letters,"6,3,6",braced for impact,braces for impact,breaks new ground,bricks and clicks,bricks and mortar,bright and breezy,Bronze age barrow,bubble and squeak,bucked the market
15 Letters,"6,3,6",bucked the system,Burton and Taylor,caddis fly larvae,Calvin and Hobbes,Castor and Pollux,caught and bowled,caught red handed,change for dinner,change the clocks
15 Letters,"6,3,6",change the future,change the record,change the sheets,chased the dragon,cheese and pickle,clicks and mortar,closer and closer,colder and colder,corner the market
15 Letters,"6,3,6",defeat the object,Dennis the Menace,divide the spoils,dodged the bullet,donned the mantle,double cab pickup,doused the flames,douses the flames,dozens and dozens
15 Letters,"6,3,6",Edmund the Martyr,Edward the Eighth,Edward the Fourth,Edward the Martyr,Edward the Second,engage the clutch,faster and faster,Father Ted Crilly,Figure and Clouds
15 Letters,"6,3,6",finish the course,follow the hounds,follow the leader,follow the master,follow the plough,follow the script,funnel web spider,garden orb spider,
15 Letters,"6,3,6",George the Fourth,George the Second,grease the wheels,hammer and chisel,hammer and sickle,Hansel and Gretel,header and footer,health and safety,health and wealth
15 Letters,"6,3,6",Heckle and Jeckle,Herman Van Pompuy,higher and higher,hotter and hotter,huffed and puffed,hustle and bustle,import and export,income tax demand,income tax rebate
15 Letters,"6,3,6",income tax return,kicked the bucket,Lachen und Weinen,lasted the course,Latter day saints,little old ladies,loaves and fishes,locked and loaded,Louisa May Alcott
15 Letters,"6,3,6",loving and giving,middle age spread,,,,,,,
15 Letters,"6,3,6",missed the target,months and months,mortar and pestle,mother and father,murder and mayhem,nearer and nearer,needle and cotton,needle and thread,Newton and Ridley
15 Letters,"6,3,6",Norroy and Ulster,oiling the wheels,oodles and oodles,orders are orders,pestle and mortar,picked the winner,plough the fields,poison pen letter,police the system
15 Letters,"6,3,6",Popeye the sailor,preach the gospel,purely and simply,raised the stakes,raises the stakes,reopen old wounds,repair the damage,return the favour,rights and wrongs
15 Letters,"6,3,6",ringed map turtle,rising sea levels,Roland the Farter,scored the winner,,,,,
15 Letters,"6,3,6",scores the winner,scotch the rumour,scrape the barrel,scrimp and scrape,search and rescue,second the motion,seized the chance,seizes the chance,settle old scores
15 Letters,"6,3,6",settle the matter,shower and change,signed and sealed,signed the treaty,silent but deadly,Sinbad the Sailor,single sex school,single use camera,slings and arrows
15 Letters,"6,3,6",slowly but surely,Sohrab and Rustum,speaks for itself,spoils the effect,spoilt for choice,spread the gospel,square leg umpire,square the circle,square the series
15 Letters,"6,3,6",squash the rumour,squish lip system,stayed the course,sticks and stones,stocks and shares,strait and narrow,stride for stride,suited and booted,supply and demand
15 Letters,"6,3,6",tables and chairs,taking the mickey,taught the basics,tested the waters,Thelma and Louise,Thomas the Rhymer,tickle the palate,tipped the scales,tongue and groove
15 Letters,"6,3,6",tossed and turned,treads the boards,tufted tit tyrant,turned the corner,turned the tables,Vernon God Little,wanted for murder,washed the dishes,weeded the garden
15 Letters,"6,3,6",where's the remote,whisky and splash,wining and dining,yellow eye mullet,yellow mud turtle,,,,
15 Letters,"6,4,1,4",doesn't give a damn,doesn't give a hoot,doesn't give a toss,doesn't have a clue,drinks like a fish,hardly made a dent,sealed with a kiss,served with a writ,waddle like a duck
15 Letters,"6,4,2,3",bigger fish to fry,Flying Down to Rio,played hard to get,,,,,,
15 Letters,"6,4,3,2",worked one's way up,wormed one's way in,,,,,,,
15 Letters,"6,4,5",banded palm civet,barbed wire fence,bathed with light,bertha army worms,beyond one's grasp,beyond one's means,beyond one's power,beyond one's reach,beyond your means
15 Letters,"6,4,5",beyond your power,bigeye sand tiger,boyish good looks,bigfin reef squid,bursts into tears,Burton upon Trent,called into doubt,choose one's words,clench one's fists
15 Letters,"6,4,5",clench one's teeth,cooled one's heels,credit card fraud,cupped one's hands,dicing with death,dining room table,divide into three,doesn't come cheap,doesn't come close
15 Letters,"6,4,5",doesn't face facts,,,,,,,,
15 Letters,"6,4,5",doesn't hold water,doesn't make sense,Dorset blue vinny,double word score,Double Your Money,eleven year cycle,empire line dress,fallen from grace,famous last words
15 Letters,"6,4,5",faster than light,faster than sound,filled with doubt,flight into Egypt,floppy disk drive,follow like sheep,follow one's dream,forest musk shrew,forest vine snake
15 Letters,"6,4,5",forget one's lines,forget one's place,ginger beer plant,golden bush robin,Grange over Sands,ground line hitch,ground one's teeth,halter neck dress,harden one's heart
15 Letters,"6,4,5",harden your heart,health food store,Indian rope trick,inland rock gecko,Jumpin' Jack Flash,kicked into touch,ladder back chair,leaves well alone,lesser fish eagle
15 Letters,"6,4,5",lesser rock shrew,lesser tree mouse,licked into shape,,,,,,
15 Letters,"6,4,5",little grey cells,Little Nell Trent,loaded with money,losing one's touch,losing your touch,lowers one's voice,masked palm civet,middle aged woman,middle aged women
15 Letters,"6,4,5",Miguel Diaz Canel,Milton Work count,Myself When Young,ninety nine pence,Orange Free State,parade one's wares,please call again,Please don't Tease,plight one's troth
15 Letters,"6,4,5",plight your troth,pocket one's pride,polish one's shoes,pretty damn quick,pretty good going,,,,
15 Letters,"6,4,5",pretty thin gruel,profit loss ratio,public open space,raised one's voice,raises one's voice,repaid one's debts,repeat that again,rising fuel costs,scaled down model
15 Letters,"6,4,5",second hand books,second hand smoke,second rate hotel,settle one's debts,showed one's teeth,silver gilt medal,sprain one's ankle,sprain one's wrist,spread like weeds
15 Letters,"6,4,5",spread one's wings,spread your wings,stared into space,stares into space,strong will power,tempus edax rerum,Things Fall Apart,thirty nine steps,tickle one's fancy
15 Letters,"6,4,5",tickle your fancy,triple word score,tuning one's pipes,twelve hour clock,twelve mile limit,twenty five years,twenty four carat,twenty four hours,twenty four seven
15 Letters,"6,4,5",twenty four years,upside down cakes,utmost good faith,vanish from sight,Vienna boys choir,whiter than white,within easy reach,within one's grasp,within one's means
15 Letters,"6,4,5",within one's power,within one's reach,within one's remit,within your grasp,within your power,yellow eyed junco,yellow Thai curry,,
15 Letters,"6,5,4",Amazon water lily,Ashton under Lyme,bullet proof vest,coffee table book,copper beech tree,Devil's Punch Bowl,double sided tape,fanged river frog,fluted giant clam
15 Letters,"6,5,4",forest night frog,former Spice Girl,french onion soup,golden faced saki,golden fruit dove,lesser mouse deer,Lesser Slave Lake,liquid plant feed,little girls' room
15 Letters,"6,5,4",little known fact,losing hands down,,,,,,,
15 Letters,"6,5,4",medium grain rice,Mickey Mouse Club,mobile phone mast,mother knows best,number seven iron,number three wood,orange fruit dove,purple shore crab,rubbed along with
15 Letters,"6,5,4",rufous naped lark,rufous naped wren,second class mail,second class post,silver birch tree,single track road,sought after area,strict dress code,tennis court oath
15 Letters,"6,5,4",thrash metal band,twenty eight days,twenty pound note,unsure about that,wallum sedge frog,Weston super Mare,Wotton under Edge,yellow brick road,yellow faced myna
15 Letters,"6,5,4",yellow skirt slug,,,,,,,,
15 Letters,"6,6,3",circus strong man,comedy double act,common meadow rue,double decker bus,easily fobbed off,eating humble pie,forest cuckoo bee,fringe lipped bat,golden masked owl
15 Letters,"6,6,3",golden tipped bat,hammer headed bat,lesser bamboo bat,lesser bamboo rat,lesser thrush eel,lesser yellow bat,lonely hearts ads,needle nardle noo,public school boy
15 Letters,"6,6,3",public sector pay,rufous legged owl,served piping hot,shrill carder bee,silvery flying fox,single decker bus,spotty little oik,there's always one,thread legged bug
15 Letters,"6,6,3",turned inside out,Twenty Twenty One,Twenty Twenty Two,yellow browed tit,yellow lipped bat,yellow meadow ant,yellow tailed rat,yellow winged bat,
15 Letters,"6,7,2",adjust oneself to,almost unheard of,better believe it,butter someone up,closed circuit TV,devote oneself to,highly thought of,looked daggers at,looked forward to
15 Letters,"6,7,2",string someone up,tarted oneself up,,,,,,,
15 Letters,"6,9",action committee,action potential,Adrian Edmondson,Alaska Peninsula,Albert Chevalier,albino blackbird,Alfred Hitchcock,almost certainly,
15 Letters,"6,9",Amanda Abbington,Anakin Skywalker,Angela Gheorghiu,animal enclosure,animal husbandry,animal magnetism,animal worshiper,Apollo Belvedere,Arthur Pendragon
15 Letters,"6,9",Arturo Toscanini,Athena Promachos,atomic explosion,Aubrey Beardsley,aurora australis,Austin Cambridge,Autumn statement,baking parchment,banana flavoured
15 Letters,"6,9",banana milkshake,Banana Republics,,,,,,,
15 Letters,"6,9",banded killifish,banner headlines,Barbra Streisand,barely concealed,barred antshrike,barred bandicoot,barren landscape,barren wasteland,beauty therapist
15 Letters,"6,9",beauty treatment,before breakfast,before mentioned,Benito Mussolini,better qualified,binary operation,bitter chocolate,bitter principle,blight resistant
15 Letters,"6,9",blonde bombshell,bodily functions,bodily pleasures,boggle threshold,Bolton Wanderers,bonded warehouse,Border Leicester,Boston Strangler,brandy alexander
15 Letters,"6,9",breast screening,breath freshener,Brexit secretary,bridge opponents,broken heartedly,bronze medallist,budgie smugglers,bugeye dottyback,bunker mentality
15 Letters,"6,9",button mushrooms,canine distemper,canopy chameleon,carbon emissions,carbon footprint,carbon nanotubes,career criminals,career prospects,Carlos Castaneda
15 Letters,"6,9",carnal knowledge,carpet stretcher,carpet warehouse,,,,,,
15 Letters,"6,9",career criminals,Carrie Underwood,Carson McCullers,Castle Dangerous,casual labourers,caught pneumonia,Cersei Lannister,chalet bungalows,chance encounter
15 Letters,"6,9",change direction,charge d'affaires,cherry flavoured,church dignitary,circus performer,closed community,coffee addiction,coffee flavoured,colour blindness
15 Letters,"6,9",colour cartridge,colour sergeants,common complaint,common criminals,common crossbill,common earthball,common horehound,common knowledge,common ownership
15 Letters,"6,9",cooked breakfast,coping mechanism,copper seedeater,copper underwing,cordon sanitaire,Corona Australis,corpus cardiacum,cosmic radiation,county cricketer
15 Letters,"6,9",County Fermanagh,County Tipperary,courts bouillons,,,,,,
15 Letters,"6,9",covert operation,cradle snatchers,cradle snatching,crease resistant,creche assistant,credit reference,crypto communist,Daniel Barenboim,Daniel Radcliffe
15 Letters,"6,9",Delphi technique,demand attention,dental assistant,dental hygienist,Dermot Murnaghan,desert bandicoot,design statement,Devil's Punchbowl,devout Christian
15 Letters,"6,9",Dickie Henderson,direct injection,direct marketing,divine messenger,Django Reinhardt,Django Unchained,Dmitri Mendeleev,Doctor Mirabilis,dollar diplomacy
15 Letters,"6,9",Donald Pleasence,donkey sanctuary,Donmar Warehouse,doppio movimento,dotted crotchets,double barrelled,double crossover,double entendres,Double Indemnity
15 Letters,"6,9",double negatives,double pneumonia,double seventeen,double standards,double thickness,drinks dispenser,drogue parachute,Easter offerings,eating disorders
15 Letters,"6,9",Eduard Bernstein,Edward Rochester,Elbrus Mountains,energy efficient,energy secretary,Ernest Hemingway,,,
15 Letters,"6,9",escape committee,escape detection,escape mechanism,Esther Summerson,ethnic cleansing,ethnic profiling,Eugene Delacroix,Eureka Rebellion,Exeter cathedral
15 Letters,"6,9",expert testimony,eyelid reduction,failed abysmally,family allowance,family breakdown,family gathering,family heirlooms,family physician,family solicitor
15 Letters,"6,9",family tradition,Father Christmas,father confessor,feigns ignorance,feline distemper,fellow christian,fellow creatures,fellow passenger,fellow prisoners
15 Letters,"6,9",fellow sufferers,fellow supporter,fellow traveller,female genitalia,female intuition,female offspring,female vocalists,figure conscious,filter cigarette
15 Letters,"6,9",finger exercises,finger paintings,fitted cupboards,fitted wardrobes,flight attendant,flight engineers,flight indicator,flight recorders,flight simulator
15 Letters,"6,9",floral wallpaper,,,,,,,,
15 Letters,"6,9",flower arranging,follow precedent,forced migration,forest gardening,forged passports,forked lightning,formal agreement,formal complaint,former president
15 Letters,"6,9",foster daughters,fourth dimension,freely available,French Canadians,French marigolds,French polishers,French polishing,French Polynesia,Friday afternoon
15 Letters,"6,9",frosty reception,fungal infection,future imperfect,future prospects,Ganesh Chaturthi,garage forecourt,garden furniture,garden sculpture,garden sprinkler
15 Letters,"6,9",Gareth Southgate,gather knowledge,George Entwistle,George Frederick,George Grenville,George Grossmith,George Leybourne,George Santayana,George Trevelyan
15 Letters,"6,9",George Warleggan,Gerard Depardieu,German shepherds,girlie magazines,global footprint,global recession,Gloria Hunniford,glossy antshrike,glossy magazines
15 Letters,"6,9",golden bandicoot,Golden Cockerell,golden daffodils,Golden Delicious,golden handcuffs,golden handshake,golden labradors,golden parachute,golden pheasants
15 Letters,"6,9",golden retriever,Gordon Lightfoot,gossip columnist,gossip mongering,Grande Odalisque,Grammy nominated,grande amoureuse,,
15 Letters,"6,9",grease extractor,ground offensive,ground squirrels,Grover Cleveland,guilty pleasures,Hamish Henderson,Harold Bluetooth,Harold Godwinson,Harold Macmillan
15 Letters,"6,9",headed notepaper,health authority,health conscious,health insurance,health screening,Health Secretary,hearty breakfast,hebrew character,Helena Blavatsky
15 Letters,"6,9",herbal cigarette,hernia operation,heroin addiction,Hideki Matsuyama,higher education,highly acclaimed,highly desirable,highly emotional,highly flavoured
15 Letters,"6,9",highly motivated,highly satisfied,Hitler moustache,Holden Caulfield,hooded merganser,Hubble telescope,huevos rancheros,hunter gatherers,hushed attention
15 Letters,"6,9",impact resistant,impose sanctions,Indian wrestlers,Indian wrestling,infant mortality,infant prodigies,inkjet cartridge,innate responses,insect repellent
15 Letters,"6,9",inside knowledge,island continent,Jackie Woodburne,Jewish orthodoxy,Joanna Vanderham,Johann Pachelbel,Johann Sebastian,Johnny Dankworth,Johnny Foreigner
15 Letters,"6,9",Johnny Wilkinson,Joseph Priestley,Judaeo Christian,jumped overboard,jungle telegraph,junior barrister,junior flyweight,junior ministers,Jurgen Klinsmann
15 Letters,"6,9",Kelvin Mackenzie,kidney infection,knobby rocksnail,Kunlun Mountains,labour candidate,labour intensive,Labour landslide,labour relations,Labour spokesman
15 Letters,"6,9",Labour supporter,lacked restraint,lapsed catholics,laptop computers,Leanne Battersby,league champions,,,
15 Letters,"6,9",Leslie Charteris,lesser amberjack,lesser celandine,lesser chameleon,Lesser Horseshoe,lesser nighthawk,lesser violetear,lethal injection,Lionel Barrymore
15 Letters,"6,9",liquid petroleum,listed buildings,listen carefully,little Englander,little knowledge,Little Rollright,livery companies,living creatures,living daylights
15 Letters,"6,9",living sapphires,living standards,Lizard Peninsula,loaded questions,London landmarks,London Palladium,London Transport,Lower Manhattan,lumbar punctures
15 Letters,"6,9",Madama Butterfly,Madame Butterfly,Madame Sosostris,Magnus Petronius,Malala Yousafzai,manual dexterity,manual labourers,Marcus Vitruvius,marine biologist
15 Letters,"6,9",marine creatures,Marion Ravenwood,market gardeners,market gardening,maroon clownfish,,,,
15 Letters,"6,9",Martin Frobisher,Martin Heidegger,master craftsman,master craftsmen,master criminals,meadow buttercup,meadow saxifrage,melted chocolate,mental alertness
15 Letters,"6,9",mental breakdown,mental confusion,merger agreement,merits attention,midair collision,middle Englander,Miguel Cervantes,Minnie Bannister,Miriam Margolyes
15 Letters,"6,9",mobile libraries,modern languages,morbid curiosity,Morgan Fairchild,mother superiors,mother surrogate,Mourne Mountains,moving staircase,mugger crocodile
15 Letters,"6,9",Munich Agreement,mutual affection,mutual agreement,mutual antipathy,mutual assurance,mutual insurance,mutual repulsion,mutual suspicion,Native Americans
15 Letters,"6,9",nature worshiper,Nestor Notabilis,neural computing,Nicola Benedetti,number crunchers,number crunching,office buildings,office furniture,Ofsted inspector
15 Letters,"6,9",Oliver Goldsmith,orange flavoured,Osbert Lancaster,Ostend Manifesto,Oxford graduates,oxygen cylinders,oyster mushrooms,packet switching,pareto efficient
15 Letters,"6,9",passed judgement,Pastor Maldonado,patent medicines,paying attention,paying customers,pearly antshrike,pearly razorfish,pencil moustache,pencil sharpener
15 Letetrs,"6,9",people smugglers,people smuggling,Pervez Musharraf,petrol rationing,Philip Glenister,,,,
15 Letters,"6,9",Philip Massinger,phrase structure,pieces d'occasion,Pierre Corneille,pigeon droppings,pigeon guillemot,Piscis Australis,Piscis Austrinus,pocket billiards
15 Letters,"6,9",police brutality,police constable,police detective,police informant,police inspector,police reservist,pooled resources,pretty pointless,Prince Siegfried
15 Letters,"6,9",public borrowing,public execution,public knowledge,public libraries,public ownership,public relations,public schoolboy,public tendering,public transport
15 Letters,"6,9",pulled ligaments,purely medicinal,purple bushbrown,purple sandpiper,queen's messenger,quince marmalade,rabbit droppings,Rachel Whiteread,racial diversity
15 Letters,"6,9",racial tolerance,,,,,,,,
15 Letters,"6,9",racing certainty,ragged trousered,Ramsay Macdonald,really something,record libraries,rectus abdominis,reduce emissions,refuse collector,refuse admission
15 Letters,"6,9",regius professor,relief operation,remain anonymous,rental agreement,repeat flowering,repeat offenders,rescue operation,riding committee,riding roughshod
15 Letters,"6,9",rigged elections,ringed hornsnail,rising inflation,Robert Galbraith,Robert Glenister,Robert Pattinson,Robert Southwell,Robert Stevenson,rocket launchers
15 Letters,"6,9",rocket propelled,rocket scientist,,,,,,,
15 Letters,"6,9",Roget's Thesaurus,Ronnie O'Sullivan,roving reporters,rubbed shoulders,rufous fieldwren,rugged landscape,Rupert Sheldrake,russet antshrike,Sachin Tendulkar
15 Letters,"6,9",Sacris Solemniis,safety conscious,safety equipment,salami technique,salary sacrifice,salvia divinorum,Samson Agonistes,savage criticism,school governors
15 Letters,"6,9",school inspector,school orchestra,school timetable,Scipio Africanus,second amendment,second breakfast,second childhood,second honeymoon,second stringers
15 Letters,"6,9",second violinist,secret handshake,secret societies,select committee,serial adulterer,Sergei Prokofiev,serial offenders,sewing machinist,Sextus Empiricus
15 Letters,"6,9",sexual chemistry,sexual fantasies,sexual impotence,,,,,,
15 Letters,"6,9",sexual overtures,sexual plaything,sexual predators,sexual relations,sexual restraint,sexual selection,shabby gentility,shadow ministers,Shappi Khorsandi
15 Letters,"6,9",shared ownership,sharia compliant,shifty character,shilly shallying,showed restraint,shrink resistant,silent treatment,silver fulminate,silver medallist
15 Letters,"6,9",simple fractions,single barrelled,slight advantage,soccer hooligans,social butterfly,social Darwinism,social Darwinist,social democracy,social democrats
15 Letters,"6,9",social exclusion,social gathering,social hierarchy,social inclusion,social insurance,social isolation,social scientist,social secretary,
15 Letters,"6,9",sodium carbonate,sodium hydroxide,sodium pentothal,soiled underwear,Soviet dissident,speech therapist,Speyer cathedral,spinal curvature,spiral staircase
15 Letters,"6,9",sports equipment,sports programme,sports therapist,spread confusion,spread eaglewise,Spring Awakening,spring flowering,Spring Offensive,spring vegetable
15 Letters,"6,9",sprint triathlon,stable companion,stands corrected,steady boyfriend,Steven Spielberg,sticky situation,strain credulity,strange attractor,strange particles
15 Letters,"6,9",street furniture,street protestor,stress fractures,strike committee,strike deadlines,,,,
15 Letters,"6,9",string orchestra,string quartette,strong contender,studio apartment,studio audiences,Suella Braverman,summer flowering,Summer Lightning,summer residence
15 Letters,"6,9",Sunday afternoon,Sunday Telegraph,Sunset Boulevard,Sutton Coldfield,Sybill Trelawney,tailed redbreast,Taimyr Peninsula,taking advantage,taking exception
15 Letters,"6,9",taking liberties,tamper resistant,,,,,,,
15 Letters,"6,9",Tamzin Outhwaite,tandem pushchair,Taurus Mountains,tender heartedly,themed crossword,thirst quenching,thirty something,Thomas Culpepper,Thomas Gradgrind
15 Letters,"6,9",Thomas Jefferson,Thomas Middleton,throat infection,throat pastilles,thrown overboard,throws overboard,ticket collector,ticket inspector,Tigran Petrosian
15 Letters,"6,9",toilet freshener,tomato seedlings,tossed overboard,travel brochures,travel incognito,travel insurance,tribal chieftain,tricky customers,tricky procedure
15 Letters,"6,9",tricky situation,tufted antshrike,twelve disciples,twenty questions,twenty something,Tyrion Lannister,Ulster Chieftain,Ulster unionists,unfair advantage
15 Letters,"6,9",unfair dismissal,unruly behaviour,vastly different,veiled chameleon,Velcro fastening,velvet handcuffs,verbal agreement,verbal contracts,
15 Letters,"6,9",verbal diarrhoea,vermis cerebelli,vested interests,violet macaroons,violin concertos,virgin parchment,virgin territory,votive offerings,vulgar fractions
15 Letters,"6,9",walrus moustache,Walter Greenwood,Walter Swinburne,warped judgement,Wavell Wakefield,weekly briefings,weight reduction,whited sepulchre,Wiener Schnitzel
15 Letters,"6,9",window envelopes,window gardeners,window gardening,winter brassicas,Winter Daydreams,winter flowering,Winter Landscape,Woman's Constancy,Women's Institute
15 Letters,"6,9",women's intuition,yellow corydalis,yellow hornpoppy,yellow pimpernel,yellow stockings,Yellow Submarine,Yvonne Goolagong,Zagros Mountains,zapata moustache
15 Letters,"7,1,3,4",knocked a few back,wearing a bit thin,,,,,,,
15 Letters,"7,1,4,3",pulling a fast one,,,,,,,,
15 Letters,"7,1,7",arrange a meeting,beating a retreat,Charles J Guiteau,convene a meeting,convert a penalty,deliver a verdict,dropped a clanger,enlarge a picture,perform a miracle
15 Letters,"7,1,7",playing a blinder,started a quarrel,suffers a setback,unweave a rainbow,Vitamin B complex,without a purpose,without a scratch,,
15 Letters,"7,2,1,5",neglect of a minor,working up a sweat,,,,,,,
15 Letters,"7,2,2,4",brought up to date,Frances de la Tour,Gaspard de la Nuit,Georges de la Tour,Georgia on my Mind,nowhere to be seen,quarter of an hour,remains to be seen,William de la Pole
15 Letters,"7,2,2,4",Wouldn't It Be Nice,,,,,,,,
15 Letters,"7,2,3,3",arrived on the dot,arrives on the dot,basking in the sun,castles in the air,Catcher in the Rye,Dinner's in the dog,eclipse of the sun,exposed to the air,
15 Letters,"7,2,3,3",getting in the way,holiday by the sea,holiday in the sun,impinge on the eye,joining in the fun,Married to the Mob,officer of the day,officer of the law,picking up the tab
15 Letters,"7,2,3,3",propped up the bar,Remains of the Day,stepped on the gas,tiddley om pom pom,whisper in the ear,,,,
15 Letters,"7,2,4,2",pleased to hear it,refused to give in,refused to give up,,,,,,
15 Letters,"7,2,6",absence of malice,anxious to please,balance of nature,batsman on strike,batting an eyelid,benefit of clergy,bottled up inside,bottles of brandy,bottles of claret
15 Letters,"7,2,6",bottles of scotch,bottles of sherry,bottles of squash,bottles of whisky,bunches of grapes,Burnham on Crouch,capital of France,Charles de Gaulle,Chester le Street
15 Letters,"7,2,6",Colossi of Memnon,Company of Wolves,Council of Europe,Council of Nicaea,country of origin,,,,
15 Letters,"7,2,6",Cricket St Thomas,Duchess of Sussex,expense no object,exposed to danger,falling to pieces,feeding on demand,figures of speech,Francis of Assisi,freedom of choice
15 Letters,"7,2,6",freedom of speech,Funeral in Berlin,General de Gaulle,getting it across,Goodbye To Berlin,internet of things,justice is served,keeping up morale,Killing me Softly
15 Letters,"7,2,6",Kingdom of Heaven,lacking in morals,lacking in virtue,leather on willow,letters of credit,Letters to Juliet,liberty of speech,listens to reason,Lorenzo de Medici
15 Letters,"7,2,6",matrons of honour,missing in action,Nascita di Venere,Ninette de Valois,nothing in common,nothing is sacred,nothing to report,nursing an injury,objects of desire
15 Letters,"7,2,6",officer in charge,opposed to change,paragon of virtue,payable on demand,picture of health,pulling up sticks,putting it mildly,putting on record,putting on weight
15 Letters,"7,2,6",Pyramid of Cheops,Quantum of Solace,quarter to eleven,quarter to twelve,Rebecca Dd Mornay,reduced to penury,reduced to rubble,require an answer,restore to health
15 Letters,"7,2,6",setting in motion,Silence is golden,smashed to pieces,soldier of Christ,sources of income,Streets of London,subject to change,subject to status,tenants in common
15 Letters,"7,2,6",thrilla in Manila,trumped up charge,undergo an ordeal,version of events,Waiting to Exhale,walking on tiptoe,washing up liquid,William of Ockham,William of Orange
15 Letters,"7,2,6",wonders to behold,wounded in action,,,,,,,
15 Letters,"7,3,1,4",playing for a draw,,,,,,,,
15 Letters,"7,3,2,3",another cup of tea,Another Way to Die,smiling ear to ear,,,,,,
15 Letters,"7,3,3,2",between you and me,Knights who say Ni,,,,,,,
15 Letters,"7,3,5",address the issue,against the clock,against the grain,against the ropes,against the rules,against the trend,Ariadne auf Naxos,balance the books,Because it's there
15 Letters,"7,3,5",Bedtime for Bonzo,begging for mercy,between the lines,between the teeth,blowing off steam,broaden the scope,calling the shots,Captain von Trapp,Chalons sur Marne
15 Letters,"7,3,5",chapter and verse,charged the earth,charges the earth,Charles and Diana,Charles the First,Charles the Third,cleared the decks,Codlins and Cream,concede the point
15 Letters,"7,3,5",confuse the issue,cooking the books,Cornish ice cream,,,,,,
15 Letters,"7,3,5",costing the earth,covered all bases,crinkle cut chips,Daphnis and Chloe,deliver the goods,devalue the pound,dispute the facts,dispute the point,distort the truth
15 Letters,"7,3,5",disturb the peace,dollars and cents,dustpan and brush,emerald ash borer,England and Wales,entered the arena,Eustace and Hilda,expects the worse,feeding the ducks
15 Letters,"7,3,5",feeling the pinch,follows the crowd,follows the rules,Fortnum and Mason,Hemlock and After,Hengist and Horsa,hognose pit viper,invaded the pitch,invades the pitch
15 Letters,"7,3,5",January the First,jumping off place,jumping off point,jumping the broom,,,,,
15 Letters,"7,3,5",jumping the queue,jumping the shark,knocked off early,knowing the ropes,learned the ropes,Leaving Las Vegas,letting off steam,luffing jib crane,Machine gun Kelly
15 Letters,"7,3,5",Madonna and Child,Madonna del Parto,Mexican hat dance,minding the store,missing the point,mortice and tenon,mortise and tenon,mustard and cress,October the First
15 Letters,"7,3,5",Oradour sur Glane,passing the baton,passing the torch,peaches and cream,persona non grata,playing for keeps,playing the field,poached egg plant,pressed the point
15 Letters,"7,3,5",presses the point,presume the worst,prolong the agony,promise the earth,promise the world,putting the stone,quicken the pulse,reached the limit,reaches the limit
15 Letters,"7,3,5",reading the paper,recover the Ashes,reduced fat foods,reserve the right,reveals the truth,rewired the house,Richard the First,Richard the Third,Rockets Red Glare
15 Letters,"7,3,5",Romulus and Remus,running for cover,sausage and chips,scratch and sniff,seventy two hours,shuffle the cards,,,
15 Letters,"7,3,5",singing the blues,skirted the issue,sounded the alarm,Spanish oat grass,spilled the beans,Starsky and Hutch,stretch the truth,suspect the worst,Tadpole and Taper
15 Letters,"7,3,5",Tarquin the Proud,telling the truth,tertium non datur,Theseus and Medea,through the night,tighten the noose,tighten the screw,Toccata and Fugue,tossing the caber
15 Letters,"7,3,5",Trebles all round,trimmed the sails,turning the screw,unblock the drain,unearth the truth,Valiant for Truth,vanilla ice cream,Waiting for Godot,walking the plank
15 Letters,"7,3,5",weather the storm,Wernher von Braun,Western red cedar,whistle and flute,William the Third,working all hours,working off steam,working the crowd,wrecked the joint
15 Letters,"7,4,1,3",brought down a peg,couldn't give a fig,wouldn't harm a fly,wouldn't hurt a fly,,,,,
15 Letters,"7,4,2,2",couldn't keep it up,couldn't look at it,nothing much to do,nothing much to it,wouldn't hear of it,,,,
15 Letters,"7,4,4",abandon one's post,achieve one's aims,achieve one's goal,African army worm,against one's will,Another Fine Mess,breathe life into,breathe one's last,broaden one's mind
15 Letters,"7,4,4",brought into line,brought into play,buzzing tree frog,cabbage soup diet,Cardiff Arms Park,changed one's tune,changed one's ways,chasing one's tail,Chelsea arts ball
15 Letters,"7,4,4",Chinese take away,closing down sale,,,,,,,
15 Letters,"7,4,4",collect one's wits,collect your wits,convert into cash,couldn't care less,Crested dogs tail,crossed one's arms,crossed one's legs,crosses one's arms,crosses one's legs
15 Letters,"7,4,4",cutting both ways,declare one's love,escaped scot free,evening rush hour,feather one's nest,feather your nest,fisher's love bird,fitness boot camp,frilled tree frog
15 Letters,"7,4,4",ghostly gold tops,gliding tree frog,hanging one's head,Harrier jump jets,hedging one's bets,hedging your bets,hunting with dogs,Journey into Fear,lateral flow test
15 Letters,"7,4,4",loosens one's belt,,,,,,,,
15 Letters,"7,4,4",Malayan leaf frog,mending one's ways,morning rush hour,mottled tree frog,neglect one's duty,Notting Hill Gate,nuclear arms race,nuclear free zone,picking one's nose
15 Letters,"7,4,4",playing with fire,pouring with rain,prepare one's case,present one's case,present your case,quarter past five,quarter past four,quarter past nine,quicken one's pace
15 Letters,"7,4,4",reddish tuco tuco,reduced carb diet,release one's grip,release one's hold,rolling one's eyes,scratch one's head,sharpen one's wits,singing bush lark,slacken one's pace
15 Letters,"7,4,4",slender tree frog,slicked back hair,slipped one's mind,Slumber Dear Maid,special chow mein,spotted wolf fish,stretch one's legs,stretch one's luck,
15 Letters,"7,4,4",stretch your legs,suspect foul play,teeming with life,teeming with rain,thumbed one's nose,tighten one's belt,tighten one's grip,tighten your belt,tighten your grip
15 Letters,"7,4,4",treated like dirt,washing line pole,wasting one's time,watered down beer,whistle stop tour,working from home,working man's club,wracked with pain,wrought iron gate
15 Letters,"7,5,3",African grass rat,Beverly Hills Cop,bobtail snipe eel,capital gains tax,Captain Birds Eye,citrine white eye,Cornish cream tea,crested white eye,Cricket World Cup
15 Letters,"7,5,3",dogface witch eel,donkey's years ago,English Civil war,fifteen after one,fifteen after six,fifteen after ten,fifteen after two,forward short leg,greyish eagle owl
15 Letters,"7,5,3",halibut liver oil,highfin snake eel,Hundred years' war,Mexican stand off,mottled eagle ray,Newton's first law,Newton's third law,penalty shoot out,Preston North End
15 Letters,"7,5,3",reddish scops owl,seventy years old,several years ago,smiling snake eel,Spanish Civil War,spotted eagle owl,spotted eagle ray,,
15 Letters,"7,6,2",couldn't afford it,strange goings on,,,,,,,
15 Letters,"7,8",Aberfan disaster,accrued dividend,accrued interest,Admiral Jellicoe,adopted children,adopted daughter,advance bookings,adverse comments,adverse reaction
15 Letters,"7,8",aerobic bacteria,aerobic exercise,aerobic organism,affaire d'honneur,African American,African bullfrog,African elephant,Agnetha Faltskog,Ainsley Harriott
15 Letters,"7,8",airport terminal,Alaskan malamute,Alberto Contador,amalgam fillings,ambient lighting,Amerigo Vespucci,ancient Egyptian,,
15 Letters,"7,8",Ancient Evenings,ancient monument,ancient woodland,Angelic Upstarts,angular momentum,angular velocity,Anthony Albanese,Anthony Trollope,Antonio Banderas
15 Letters,"7,8",Antonio Guterres,anxiety disorder,anxiety neurosis,applied pressure,applies pressure,Armando Iannucci,Aunties Bloomers,average earnings,average lifespan
15 Letters,"7,8",awkward customer,awkward question,awkward silences,baggage handlers,baptist minister,baptist preacher,Barbara Cartland,Barbara Hepworth,Barbara Villiers
15 Letters,"7,8",bargain basement,barrage balloons,bartail flathead,bastard toadflax,battery operated,battery terminal,batting averages,batting collapse,batting practice
15 Letters,"7,8",bayonet practice,bearded bellbird,bearded fireworm,bearded reedling,bearded titmouse,bedroom slippers,Belgian sheepdog,beneath contempt,benefit claimant
15 Letters,"7,8",Bermuda Triangle,Bernard Bresslaw,Bernard Cornwell,Bernard Cribbins,Bernard Herrmann,bicycle repairer,bicycle rickshaw,bighead catshark,bignose fanskate
15 Letters,"7,8",binding contract,bipolar disorder,blanket coverage,blazing sunshine,blocked arteries,bluefin trevally,bombing campaign,bootleg trainers,
15 Letters,"7,8",bootleg trousers,bourbon biscuits,braking distance,Bridget Christie,British champion,British citizens,British colonies,British Columbia,British Honduran
15 Letters,"7,8",British Honduras,British longhair,British resident,British soldiers,broadly speaking,brothel creepers,Bulldog Drummond,bunched together,burning ambition
15 Letters,"7,8",burning question,cabbage lettuces,cabinet minister,Calgary Stampede,calorie counting,Camille Pissarro,capital accident,capital offences,Captain Absolute
15 Letters,"7,8",Captain Hastings,Captain Phillips,Captain Smollett,captive audience,captive breeding,careers mistress,Carlton Colville,Cassini Division,Cassius Longinus
15 Letters,"7,8",casting director,Central American,central defender,Cepheid variable,,,,,
15 Letters,"7,8",chamber ensemble,chamber practice,chamois leathers,changed channels,Channel crossing,charged particle,charity envelope,Charles Aznavour,Charles Crichton
15 Letters,"7,8",Charles Kingsley,Charles Laughton,Charles Perrault,Charlie McCarthy,chasing rainbows,Chelsea tractors,chicken chasseur,chicken jalfrezi,Chicken Maryland
15 Letters,"7,8",chicken sandwich,Chilean firebush,Chinese checkers,Chinese chequers,Chinese lanterns,Chinese pheasant,Chinese speakers,Chinese speaking,Chinese takeaway
15 Letters,"7,8",Chinese whispers,chipped potatoes,chopped tomatoes,Christs Hospital,Chuckle Brothers,circuit diagrams,,,
15 Letters,"7,8",circuit training,citrine forktail,citrine lorikeet,Clapham Junction,Clarice Starling,Claudia Schiffer,cleanup campaign,climate activist,clogged arteries
15 Letters,"7,8",clootie dumpling,closing ceremony,clothes designer,clothes industry,clouded judgment,clubbed together,coastal defences,coastal villages,cobbled together
15 Letters,"7,8",college graduate,college lecturer,college students,communi consensi,company accounts,company director,complex fraction,concert overture,concert pianists
15 Letters,"7,8",contact magazine,contain yourself,control freakery,control yourself,costume designer,cottage gardener,cottage hospital,cottage industry,council meetings
15 Letters,"7,8",counter argument,counter irritant,counter measures,counter pressure,counter proposal,counter punching,counter security,country bumpkins,country cottages
15 Letters,"7,8",country practice,country pursuits,courted disaster,crested bellbird,crested shelduck,crevice kelpfish,cricket pavilion,cricket practice,Crispin Crispian
15 Letters,"7,8",crooked sixpence,culture vultures,current accounts,curtain twitcher,customs official,damning evidence,darning mushroom,decimal currency,decimal fraction
15 Letters,"7,8",decimal notation,deepest sympathy,default position,defence minister,deficit spending,delayed reaction,deposit accounts,descant recorder,desktop calendar
15 Letters,"7,8",desktop computer,diamond merchant,diamond necklace,diamond weddings,digital computer,digital plotters,distant relation,distant relative,Dolores Umbridge
15 Letters,"7,8",dolphin friendly,Dominic Cummings,dominus vobiscum,doubles partners,drastic measures,draught excluder,driving licenses,drought stricken,
15 Letters,"7,8",drought tolerant,Eastern European,Eastern orthodox,Eastern Promises,Eastern seaboard,elastic stocking,elderly relative,elegaic couplets,elegant euphonia
15 Letters,"7,8",emerald toucanet,emotive language,Emperor Concerto,Emperor Hirohito,English Heritage,English Language,English marigold,English speakers,English speaking
15 Letters,"7,8",entente cordiale,Erskine Childers,escaped convicts,escaped prisoner,eternal triangle,ethical genitive,Eugenie Bouchard,evening primrose,Evening Standard
15 Letters,"7,8",exalted position,explain yourself,express delivery,express interest,express sympathy,falling sickness,fantasy football,fascist dictator,fashion boutique
15 Letters,"7,8",fashion business,fashion designer,fashion industry,fashion magazine,fattail scorpion,feather mattress,Federal Assembly,federal republic,feeling liverish
15 Letters,"7,8",Fenella Fielding,Fertile Crescent,festive occasion,fighter aircraft,filling stations,finance director,finless porpoise,fission reaction,fitness fanatics
15 Letters,"7,8",flaccid catshark,Flavius Josephus,flavour enhancer,flutter tonguing,foolish question,foreign exchange,foreign language,foreign minister,foreign national
15 Letters,"7,8",foreign speaking,foreign stations,forward thinking,Fourier analysis,Francis Lawrence,Freddie Flintoff,freedom fighters,freshly squeezed,Friends reunited
15 Letters,"7,8",frilled coquette,frilled toadfish,funeral ceremony,funeral director,funeral expenses,futures contract,Gabriel Iglesias,Gadsden Purchase,gaining altitude
15 Letters,"7,8",gaseous envelope,General Assembly,General Belgrano,general delivery,general disarray,general dogsbody,general election,general epistles,general expenses
15 Letters,"7,8",general factotum,General Hospital,General Pinochet,general practice,General Quarters,genetic mutation,genuine articles,Georges Pompidou,gesture politics
15 Letters,"7,8",getting together,Giacomo Agostini,Giacomo Leopardi,Gillian Anderson,Giscard d'Estaing,glacial deposits,glaring mistakes,glaring omission,Glencoe Massacre
15 Letters,"7,8",granted immunity,graphic designer,gravity assisted,Greater Antilles,greater flamingo,greater knapweed,greater redhorse,greener pastures,greyish saltator
15 Letters,"7,8",Grigori Rasputin,grossly inflated,grouped together,Gustave Flaubert,hackney carriage,hackney coachman,Haffner symphony,handbag designer,
15 Letters,"7,8",hailing distance,hanging together,harvest festival,healing ointment,hearing impaired,hearsay evidence,heather bleaters,heating engineer,heavily censored
15 Letters,"7,8",heavily pregnant,Helmand province,Hendrik Verwoerd,Herbert Morrison,holding patterns,holiday brochure,holiday cottages,holiday lettings,Homeric laughter
15 Letters,"7,8",Homeric question,hostess trolleys,hostile reaction,hostile takeover,housing shortage,huddled together,humanly possible,humming toadfish,initial capitals
15 Letters,"7,8",initial reaction,insight learning,instant messages,interim accounts,interim dividend,interim measures,invalid carriage,invited audience,Italian American
15 Letters,"7,8",Italian Concerto,Italian dressing,Italian speakers,Italian speaking,Italian stallion,Italian symphony,Italian vermouth,Jacques Cousteau,Jacques Lipchitz
15 Letters,"7,8",javelin throwers,jeepers creepers,Jessica Chastain,Jessica Fletcher,Jessica Fostekew,jobbing gardener,jobbing labourer,Jupiter Symphony,
15 Letters,"7,8",Justine Greening,karaoke machines,Kenneth Williams,keynote speakers,keynote speeches,kitchen gardener,kitchen surfaces,kitchen utensils,knights bachelor
15 Letters,"7,8",knobbed hornbill,knocked sideways,knocked together,knuckle sandwich,lacking gumption,lacking humility,lacking interest,Lantern festival,Lapsang souchong
15 Letters,"7,8",lateral thinkers,lateral thinking,,,,,,,
15 Letters,"7,8",leading articles,leading question,leather handbags,leather trousers,lefteye flounder,leisure activity,leisure pursuits,Leonard Rossiter,leopard tortoise
15 Letters,"7,8",letters rogatory,Liberal democrat,lightly seasoned,limited editions,limited monarchy,Lincoln memorial,Lindsay Anderson,Linford Christie,logical argument
15 Letters,"7,8",logical sequence,logical thinking,longfin catshark,Lorenzo Ghiberti,lottery winnings,machine finished,machine language,machine learning,machine operator
15 Letters,"7,8",machine readable,machine washable,magical thinking,malaria parasite,malaria sufferer,Malcolm Bradbury,Malcolm McDowell,managed currency,manhood suffrage
15 Letters,"7,8",marbled crayfish,marbled lungfish,marbled murrelet,marital fidelity,Marlene Dietrich,marmite sandwich,married quarters,Martha's Vineyard,Marxist Leninism
15 Letters,"7,8",Marxist Leninist,massage parlours,massive upheaval,Maureen Connolly,maximum capacity,maximum security,maximum strength,measure strength,medical practice
15 Letters,"7,8",medical research,medical students,medical supplies,Melanie Griffith,melodic hardcore,melting glaciers,Memoria Technica,message received,Mexican American
15 Letters,"7,8",Mexican hairless,,,,,,,,
15 Letters,"7,8",Mexican standoff,Michael Crawford,Michael Crichton,Michael McIntyre,Michael Moorcock,Michael Morpurgo,Michael Ondaatje,Michael Portillo,Michael Redgrave
15 Letters,"7,8",Michele Pfeiffer,Millard Fillmore,Millers Crossing,mineral deposits,missile launcher,mission critical,modular assembly,molotov cocktail,montane nightjar
15 Letters,"7,8",monthly payments,morally bankrupt,morello cherries,morning sickness,mothers superior,mottled fusilier,muddled thinking,musical comedies,musical director
15 Letters,"7,8",musical notation,musique concrete,mustard coloured,mutatis mutandis,mystery religion,mystery shoppers,mystery shopping,,
15 Letters,"7,8",nagging headache,Nanking massacre,Natasha Hamilton,natural aptitude,natural daylight,natural disaster,natural immunity,natural instinct,natural language
15 Letters,"7,8",natural religion,natural resource,natural sciences,natural theology,naughty nineties,nervous disorder,nesting material,Newgate calendar,nobodys business
15 Letters,"7,8",Norfolk terriers,notable omission,nothing concrete,nothing personal,nothing untoward,nothing ventured,nothing whatever,nuclear accident,nuclear engineer
15 Letters,"7,8",nuclear families,nuclear reaction,nuclear reactors,nuclear warheads,obscene gestures,obscene language,Oceanic whitetip,Officer Crabtree,officer material
15 Letters,"7,8",Olivier Messiaen,Olympic athletes,Olympic champion,opening ceremony,opening skirmish,opinion pollster,optical illusion,orbital velocity,orderly officers
15 Letters,"7,8",organic compound,organic gardener,osmotic pressure,ostrich feathers,outdoor clothing,outdoor pursuits,package holidays,package tourists,painted parakeet
15 Letters,"7,8",painted redstart,painter stainers,parasol mushroom,parking offences,parquet flooring,partial dentures,partial fraction,partial pressure,Pascal's triangle
15 Letters,"7,8",passive drinking,passive immunity,patched together,patches together,Patrick Campbell,Patrick Kavanagh,Patrick McGoohan,pattern matching,
15 Letters,"7,8",peeling potatoes,pelican crossing,penalty shootout,People's Republic,perfect interval,perfect likeness,perfect nonsense,perfect stranger,perform miracles
15 Letters,"7,8",Piangea Cantando,pickled beetroot,pickled cucumber,pickled gherkins,picture postcard,picture restorer,piecing together,pierced eyebrows,pinkish forester
15 Letters,"7,8",Planck's Constant,plastic wrappers,plastic wrapping,platoon sergeant,playing politics,playing soldiers,pleaded innocent,pointed question,polling stations
15 Letters,"7,8",popular pastimes,popular uprising,poultry breeders,poultry breeding,poverty stricken,prairie chickens,prairie schooner,precast concrete,premier division
15 Letters,"7,8",prepaid envelope,Present Laughter,prickly customer,printed circuits,private audience,Private Benjamin,private citizens,private function,private hospital
15 Letters,"7,8",private nuisance,private patients,private practice,private property,probing question,problem children,problem drinkers,problem drinking,problem families
15 Letters,"7,8",profane language,propose marriage,protest marchers,provost sergeant,,,,,
15 Letters,"7,8",Proxima Centauri,proxime accessit,pulling together,pursuit vehicles,quantum computer,quarter finalist,quarter pounders,quarter sessions,Rachael Stirling
15 Letters,"7,8",railway carriage,railway crossing,railway junction,railway sleepers,railway stations,railway terminal,rainbow dressing,rainbow lorikeet,ranking officers
15 Letters,"7,8",Raymond Chandler,Raynaud syndrome,Reading Festival,Rebecca Ferguson,regular brushing,regular customer,regular exercise,regular listener,regular practice
15 Letters,"7,8",regular soldiers,regular visitors,reserve currency,reserve judgment,reverse engineer,reverse takeover,Rhubarb Triangle,rhyming couplets,Richard Armitage
15 Letters,"7,8",Richard Dimbleby,,,,,,,,
15 Letters,"7,8",Richard Dreyfuss,Richard Dunwoody,Richard Flanagan,Richard Lovelace,Richard Sheridan,riotous assembly,Ritorna Vincitor,Roaring Twenties,roasted parsnips
15 Letters,"7,8",Rockets Redglare,rollmop herrings,romance language,roofing supplies,rooting compound,roughly speaking,ruffled feathers,ruffled feelings,running ornament
15 Letters,"7,8",Russian dressing,Russian oligarch,Russian orthodox,Russian Republic,Russian roulette,Russian speakers,Russian speaking,Sabbath breakers,Sabbath breaking
15 Letters,"7,8",saffron toucanet,sailors hornpipe,sausage sandwich,sauteed potatoes,scalene triangle,scarlet myzomela,scatter cushions,science teachers,scraped together
15 Letters,"7,8",scrapes together,scratch together,seaside postcard,sensory overload,sensual pleasure,serious business,serious drinking,service entrance,
15 Letters,"7,8",service included,service industry,service provider,service stations,session musician,shallow bottomed,sherbet fountain,Shirley Maclaine,Shirley Williams
15 Letters,"7,8",shotgun marriage,shotgun weddings,,,,,,,
15 Letters,"7,8",Siobhan Finneran,silvery marmoset,singing telegram,skilled labourer,slender catshark,slender fusilier,slender majority,slender mongoose,slender ringtail
15 Letters,"7,8",sloping ceilings,slotted together,smiling assassin,snooker champion,snuggle together,Solomon Islander,Spanish American,Spanish bluebell,Spanish chestnut
15 Letters,"7,8",Spanish galleons,Spanish omelette,Spanish speakers,Spanish speaking,special citation,special delivery,special interest,special occasion,special pleading
15 Letters,"7,8",Spencer Perceval,spoiled children,spotted galaxias,spotted greenbul,spotted lungfish,spotted pipefish,spotted puffbird,,
15 Letters,"7,8",spotted redshank,Stanley Holloway,Stanley Matthews,stealth fighters,steamed puddings,Stephen Merchant,Stephen Sondheim,Stewart Copeland,stomach churning
15 Letters,"7,8",stomach disorder,stomach problems,stomach stapling,stopgap measures,stopped fighting,storage capacity,storage cupboard,strings attached,student discount
15 Letters,"7,8",student protests,stuffed mushroom,summary judgment,sunrise industry,support stocking,surface dressing,surfers paradise,suspend judgment,Sutton's Foremost
15 Letters,"7,8",Swedish landrace,synchro swimming,systems analysis,systems analysts,systems engineer,systems planning,Tabitha Twitchit,teacher training,tensile strength
15 Letters,"7,8",tension headache,tequila slammers,Terence Rattigan,textual analysis,,,,,
15 Letters,"7,8",thermal clothing,thermal printers,through composed,thunnus alalunga,titanic struggle,toasted teacakes,Tommaso Albinoni,toothed seadevil,toothed topshell
15 Letters,"7,8",Toronto Blessing,tourist brochure,tourist industry,tracker mortgage,trading partners,traffic offences,Trinity brethren,trumpet concerto,Turkish slippers
15 Letters,"7,8",typhoid bacillus,unknown quantity,unknown unknowns,unlucky thirteen,untaxed interest,upright citizens,vaguely familiar,Vanessa Redgrave,Vanessa Williams
15 Letters,"7,8",Vatican roulette,Vaughan Williams,vending machines,Vietnam veterans,viewing platform,violent disorder,,,
15 Letters,"7,8",visible presence,visible spectrum,walking disaster,walking distance,warrant officers,warring factions,wattled curassow,wattled starling,weapons training
15 Letters,"7,8",weather balloons,weather forecast,weather notation,weather proofing,weather stations,weather warnings,website designer,wedding ceremony,wedding presents
15 Letters,"7,8",weekend cottages,weekend warriors,welcome addition,welcome reminder,welfare benefits,Western European,whoopee cushions,Wilkins Micawber,William Bradford
15 Letters,"7,8",William Brewster,William Congreve,,,,,,,
15 Letters,"7,8",William Faulkner,William Hartnell,William Herschel,William McKinley,William Mulready,William Swainson,wishful thinking,without ceremony,without parallel
15 Letters,"7,8",without preamble,without question,without stopping,Workers Playtime,working majority,working overtime,working practice,Worrall Thompson,wounded soldiers
15 Letters,"7,8",writing material,written estimate,wrought ironwork,Yangtse Incident,younger brothers,Zollner illusion,,,
15 Letters,"8,1,2,4",Marriage a la Mode,,,,,,,,
15 Letters,"8,1,6",Category A prison,Category B prison,Category C prison,Category D prison,compound a felony,describe a circle,harbours a grudge,proposed a motion,proposes a motion
15 Letters,"8,1,6",Reginald D Hunter,requests a refund,scraping a living,strained a muscle,throwing a wobbly,unearths a secret,,,
15 Letters,"8,2,1,4",gathered to a head,grinding to a halt,innocent as a lamb,Portrait of a Lady,shudders to a halt,stubborn as a mule,Swinging On A Star,,
15 Letters,"8,2,2,3",slippery as an eel,marching as to war,,,,,,,
15 Letters,"8,2,3,2",shoulder to cry on,,,,,,,,
15 Letters,"8,2,5",accident of birth,addicted to booze,addicted to drink,addicted to drugs,advanced in years,affaires de coeur,American in Paris,articles of faith,articles of virtu
15 Letters,"8,2,5",bachelor of music,badgered to death,betrayal of trust,breaking of bread,business as usual,Chalfont St Giles,Chalfont St Peter,cherchez la femme,colonels in chief
15 Letters,"8,2,5",compound an error,contempt of court,coughing up blood,covenant of grace,creature of habit,criminal at large,embarras de choix,embarras du choix,exchange of blows
15 Letters,"8,2,5",exchange of ideas,exchange of views,exchange of words,exercise of power,Festival of Fools,fortiter et recte,fountain of youth,gnashing of teeth,Goodbye My Lover
15 Letters,"8,2,5",goodness of heart,hardness of heart,judgment of Paris,kindness of heart,lashings of gravy,laughter in court,Leonardo da Vinci,Margaret of Anjou,marriage of minds
15 Letters,"8,2,5",Menschen im Hotel,merchant of death,Midnight in Paris,,,,,,
15 Letters,"8,2,5",minister of grace,minister of state,Ministry of Peace,Ministry of Truth,Mohammed Al Fayed,Monsieur de Paris,mountain to climb,multiple of eight,multiple of seven
15 Letters,"8,2,5",multiple of three,multiply by eight,multiply by seven,multiply by three,partners in crime,position of trust,Princess of Wales,proceeds of crime,Property is theft
15 Letters,"8,2,5",pureness of heart,pyramids of Egypt,Question of Sport,Republic of Chile,Republic of China,Republic of Ghana,Republic of Nauru,reversal of roles,rotation of crops
15 Letters,"8,2,5",sardines on toast,schedule of works,sentence of death,sentence to death,Serenade to Music,Shipston on Stour,shortage of staff,somebody or other,spoonful of sugar
15 Letters,"8,2,5",squeezed to death,starving to death,strength in depth,stricken in years,Summoned by Bells,surprise in store,Tristran da Cunha,writhing in agony,
15 Letters,"8,3,4",blocking the view,Brighton and Hove,carriage and pair,chucking out time,consider the lily,counting the cost,counting the days,covering his feet,crossing the line
15 Letters,"8,3,4",crossing the road,decipher the code,discount for cash,electric sun roof,exchange and mart,exercise the mind,foraging for food,foraging for wood,Hereward the Wake
15 Letters,"8,3,4",insulate the loft,,,,,,,,
15 Letters,"8,3,4",knocking off time,laughing out loud,lemonade and lime,lightens the load,marginal tax rate,Melampus and Bias,military two step,Mitchell and Webb,national bus pass
15 Letters,"8,3,4",orbiting the Moon,overflow car park,overshot the mark,overstep the mark,partners for life,pleasure and pain,pounding the beat,regained the lead,reported for duty
15 Letters,"8,3,4",sausages and mash,Scouting for Boys,scuttled the ship,Shooting the Past,slackens the pace,slightly too much,softened the blow,stalling for time,Standard and Poor
15 Letters,"8,3,4",standing off dose,stealing the show,strapped for cash,sugaring the pill,swallows the bait,sweetens the pill,swinging the lead,tensions run high,thinking out loud
15 Letters,"8,3,4",Thorkell the Tall,whatever you like,whatever you want,whatever you wish,whenever you like,withdraw the whip,withdrew the whip,,
15 Letters,"8,4,3",complete wash out,eighteen yard box,interest rate cut,Lavender Hill Mob,mellowed with age,shortfin worm eel,vertical take off,wrinkled with age,
15 Letters,"8,5,2",throwing light on,,,,,,,,
15 Letters,"8,7",Aberdeen airport,Aberdeen terrier,abortive attempt,abridged version,absolute alcohol,absolute rubbish,abstract painter,abstract thought,academic bulimia
15 Letters,"8,7",accounts payable,acoustic guitars,Addison's disease,Adelaide Clemens,adhesive binding,adhesive denture,adhesive plaster,adoptive parents,advanced warning
15 Letters,"8,7",advisory council,agrarian economy,aircraft carrier,aircraft engines,Airedale terrier,Alastair Stewart,Aleister Crowley,Aleutian Islands,Alistair Darling
15 Letters,"8,7",Alistair Maclean,American buffalo,American bulldog,American citizen,American embassy,American English,,,
15 Letters,"8,7",American Express,American Indians,American tourist,amicable numbers,anabolic steroid,ancestor worship,Andersen shelter,Anglican bishops,animated cartoon
15 Letters,"8,7",anorexia nervosa,Antifona Mariana,aplastic anaemia,approval ratings,Arcadian crested,armature winding,armoured vehicle,arrectis auribus,artistic licence
15 Letters,"8,7",asbestos blanket,asbestos curtain,asbestos lagging,aspiring actress,assisted suicide,athletic support,attitude problem,attorney general,autumnal equinox
15 Letters,"8,7",aversion therapy,backward looking,bakewell pudding,Balearic Islands,ballroom dancers,ballroom dancing,balsamic vinegar,Barbican Centre,baseball fanatic
15 Letters,"8,7",baseball players,,,,,,,,
15 Letters,"8,7",bathroom cabinet,Benedict Spinoza,Benjamin Britten,Benjamin Whishaw,Bertrand Russell,Bessemer process,Beverley Minster,Biblical scholar,bigmouth buffalo
15 Letters,"8,7",billiard players,binomial theorem,Birthday honours,birthday present,birthing partner,blackish antbird,bleeding obvious,Blenheim spaniel,blooming obvious
15 Letters,"8,7",blotched emerald,blotched foxface,blustery showers,boarding kennels,Bodleian Library,bodyline bowlers,bodyline bowling,Bomehian waxwing,Bordeaux mixture
15 Letters,"8,7",boundary changes,boundary dispute,breaking records,breaking through,breeding grounds,bringing forward,Broadway musical,Browning version,brownish elaenia
15 Letters,"8,7",Brussels sprouts,buffered aspirin,building control,building project,building society,bullyboy tactics,burgundy mixture,Burgundy trefoil,bursting bubbles
15 Letters,"8,7",business address,business contact,Business English,,,,,,
15 Letters,"8,7",business partner,business studies,business venture,buttered brazils,caffeine addicts,campaign manager,campaign promise,Canadian Pacific,captain's innings
15 Letters,"8,7",Cardinal Manning,cardinal numbers,cardinal virtues,careless drivers,careless driving,careless mistake,Careless Whisper,Carlsbad Caverns,casement windows
15 Letters,"8,7",cashless society,cashmere sweater,cataract surgery,cellular blanket,cerulean warbler,charcoal biscuit,charcoal drawing,checkout counter,chemical bonding
15 Letters,"8,7",chemical element,chemical factory,chemical formula,chemical symbols,chemical toilets,chemical warfare,chemical weapons,Childish Gambino,chinless wonders
15 Letters,"8,7",Chipping Campden,Chipping Sodbury,chipping sparrow,Chiwetel Ejiofor,,,,,
15 Letters,"8,7",cingulum veneris,cinnamon bittern,cinnamon neopipo,cinnamon tanager,circular letters,civilian clothes,clarinet quintet,Clarissa Harlowe,clashing colours
15 Letters,"8,7",clashing cymbals,clerical officer,Clermont Ferrand,climbing gourami,cochlear implant,cocktail cabinet,cocktail lounges,cocktail sausage,collagen implant
15 Letters,"8,7",collared peccary,colonial animals,Colorado Springs,coloured pencils,complete success,complete washout,computer crashes,computer hackers,computer hacking
15 Letters,"8,7",computer monitor,computer network,computer program,computer science,computer viruses,Concorde fallacy,concrete jungles,conflict diamond,confused looking
15 Letters,"8,7",Consider Phlebas,consumer durable,consumer society,contract killers,contract killing,corduroy jackets,coronary disease,coroners inquest,coroners verdict
15 Letters,"8,7",cosmetic changes,cosmetic surgeon,cosmetic surgery,courting couples,Coventry Patmore,covering letters,creation science,creative licence,creative writers
15 Letters,"8,7",creative writing,creature comfort,creature feature,credible witness,creeping charlie,criminal assault,,,
15 Letters,"8,7",criminal charges,criminal offence,crimping machine,critical acclaim,croaking gourami,crofter's cottage,crossing sweeper,crushing victory,culinary delight
15 Letters,"8,7",cultural attache,customer focused,customer service,dandruff shampoo,Dartford warbler,Dashiell Hammett,daylight robbery,dazzling display,deathbed visions
15 Letters,"8,7",debating society,Debrett's Peerage,deferred payment,definite article,delaying tactics,delicate balance,delirium tremens,delivery charges,delivery drivers
15 Letters,"8,7",dementia praecox,depleted uranium,deserted village,designer clothes,designer stubble,detailed account,devilled kidneys,dialysis machine,Diodorus Siculus
15 Letters,"8,7",director general,disabled drivers,Disabled Parking,,,,,,
15 Letters,"8,7",disabled sticker,discount voucher,disgrace oneself,disguise oneself,distance oneself,distance runners,distance running,distress signals,distress warrant
15 Letters,"8,7",district auditor,district council,district heating,district manager,district visitor,diverted traffic,Domesday machine,domestic animals,domestic dispute
15 Letters,"8,7",domestic economy,domestic goddess,domestic matters,domestic partner,Domestic science,domestic servant,domestic service,Domhnall Gleeson,dramatic gesture
15 Letters,"8,7",dressing station,,,,,,,,
15 Letters,"8,7",drinking partner,drinking problem,drinking session,drinking vessels,drystone walling,duelling pistols,Ebenezer Elliott,Ebenezer Scrooge,economic climate
15 Letters,"8,7",economic malaise,economic migrant,economic miracle,economic warfare,educated guesses,Egyptian vulture,eighteen hundred,election address,election victory
15 Letters,"8,7",electric blanket,electric circuit,electric current,electric guitars,electric kettles,electric scooter,electric shavers,electric sunroof,electric toaster
15 Letters,"8,7",electric vehicle,electric windows,elevated railway,emerging markets,Emirates stadium,Emmanuel college,emperick qutique,enforced jollity,enlisted soldier
15 Letters,"8,7",enriched uranium,ensconce oneself,envelope stuffer,esoteric meaning,espresso martini,Everyman theatre,exchange bishops,exchange glances,exchange knights
15 Letters,"8,7",exchange letters,exchange student,exercise bicycle,exercise caution,exercise control,exercise machine,exercise regimen,expected outcome,expected utility
15 Letters,"8,7",Ezequiel Lavezzi,Falkland Islands,farewell address,farmyard animals,farthest outpost,Federico Fellini,Felicity Huffman,feminine caesura,feminine endings
15 Letters,"8,7",fighting chances,fighting machine,finished article,finished version,firework display,Flamenco dancers,Flamenco dancing,Flanders poppies,flathead catfish
15 Letters,"8,7",fleeting glimpse,floating capital,floating pontoon,floating shelves,Flushing Meadows,flushing toilets,followed through,football academy,football coaches
15 Letters,"8,7",football fanatic,football grounds,football manager,football matches,football pitches,,,,
15 Letters,"8,7",football players,football rattles,football results,football scarves,football stadium,forensic science,founding fathers,founding members,Francois Mauriac
15 Letters,"8,7",franking machine,Frederic Raphael,freezing mixture,freezing weather,frequent visitor,Friendly Islands,friendly looking,friendly matches,friendly numbers
15 Letters,"8,7",friendly society,gamblers' fallacy,Gangotri Glacier,gazetted officer,Geoffrey Boycott,Geoffrey Chaucer,Georgian windows,Giovanni Bellini,Giovanni Cassini
15 Letters,"8,7",Giovanni Tiepolo,glaucous tanager,globular cluster,Glorious Twelfth,goodwill gesture,goodwill mission,Gottlieb Daimler,Governor General,graduate student
15 Letters,"8,7",graffiti artists,granular poromya,graphics tablets,Greenery yallery,greenish elaenia,greenish puffleg,greenish warbler,grinding poverty,Grinling Gibbons
15 Letters,"8,7",gritting lorries,grizzled skipper,grudging consent,grudging respect,gruesome twosome,Guardian readers,guerilla tactics,Habsburg dynasty,handling charges
15 Letters,"8,7",harassed looking,hardback edition,hardened drinker,hardhead catfish,Hawaiian Islands,headless chicken,Heathrow Airport,Heinrich Himmler,Hermione Gingold
15 Letters,"8,7",Hermione Granger,Hertford College,Highland costume,highland gorilla,Highland terrier,Himachal Pradesh,historic present,Hodgkin's disease,homeless shelter
15 Letters,"8,7",Homerton College,honorary degrees,honorary members,hookworm disease,Hopalong Cassidy,hothouse flowers,Humboldt Current,Humboldt penguin,humpback bridges
15 Letters,"8,7",humpback dolphin,humpback grouper,humpback mahseer,hydrogen cyanide,icterine warbler,impaired hearing,Imperial college,Imperial Majesty,imperial measure
15 Letters,"8,7",implicit consent,indecent assault,indirect damages,indirect objects,inferior planets,infernal machine,infinite regress,informed consent,informed opinion
15 Letters,"8,7",innocent victims,insanely jealous,installs windows,interest bearing,internal affairs,internal auditor,internal revenue,internet address,internet banking
15 Letters,"8,7",internet cookies,intimate apparel,invasive species,inviting trouble,Isabelle Huppert,isolated showers,Jacobite risings,Japanese anemone,Japanese bobtail
15 Letters,"8,7",Japanese lantern,Japanese leather,Japanese macaque,Japanese spaniel,Japanese tourist,Jehovah's Witness,Jennifer Aniston,Jeremiah Johnson,Johannes Vermeer
15 Letters,"8,7",Jonathan Edwards,judicial enquiry,judicial inquiry,Juliette Binoche,,,,,
15 Letters,"8,7",kamikaze bombers,kangaroo hopping,kangaroo justice,Karoline Leavitt,Kathleen Ferrier,Kawasaki disease,keyboard players,kilogram calorie,kippered herring
15 Letters,"8,7",Kirkburn Warrior,Kitagawa Utamaro,knitting machine,knitting needles,knitting pattern,Labrador Current,labrador puppies,lachryma Christi,Lakeland terrier
15 Letters,"8,7",language barrier,laughing jackass,Laurence Olivier,Lawrence Durrell,learning support,leathery grunter,Leighton Buzzard,lifelong friends,lionhead cichlid
15 Letters,"8,7",lipsbury pinfold,,,,,,,,
15 Letters,"8,7",lipstick lesbian,Listener setters,literary circles,literary critics,literary studies,Lombardy poplars,longhaul flights,longhorn cowfish,Lorraine Pascale
15 Letters,"8,7",Ludovico Ariosto,lukewarm support,Lulworth skipper,luncheon voucher,macaroni penguin,magazine article,Magdalen College,Magellan Straits,magnetic compass
15 Letters,"8,7",magnolia warbler,mainline station,majority verdict,Mandarin Chinese,mandarin oranges,Mandarin speaker,,,
15 Letters,"8,7",manifest destiny,Maracana stadium,marathon runners,Margaret Calvert,Margaret Drabble,maritime history,marriage breakup,marriage brokers,marriage licence
15 Letters,"8,7",marriage partner,marriage portion,marriage service,Marshall Islands,material witness,medicine cabinet,medicine dropper,medieval history,metallic element
15 Letters,"8,7",Meindert Hobbema,memorial service,Memorial theatre,Meniere's disease,merchant bankers,merchant banking,merciful release,Merrill's Raiders,Michelle Collins
15 Letters,"8,7",Michelle Dockery,midfield diamond,midfield general,Midnight Express,Midsomer Murders,military academy,military attache,military history,military honours
15 Letters,"8,7",military leaders,military officer,military service,military strikes,militate against,Minamata disease,Mistress Quickly,mobility housing,mobility premium
15 Letters,"8,7",mobility scooter,moderate drinker,montagu's harrier,Monterey cypress,Morrison shelter,mortally wounded,mosquito netting,motoring offence,motorway madness
15 Letters,"8,7",motorway traffic,Mountain Ballads,mountain climber,mountain elaenia,mountain gazelle,mountain gorilla,mountain noctule,mountain railway,
15 Letters,"8,7",mountain ringlet,mountain wagtail,muddling through,Mulberry harbour,multiple alleles,multiple factors,multiple fission,multiple orgasms,multiple warhead
15 Letters,"8,7",muscular tension,mushroom compost,Napoleon complex,national anthems,National Gallery,national holiday,National Lottery,national pastime,national service
15 Letters,"8,7",National Society,National Theatre,Naturist beaches,nautical almanac,nebulous concept,negative ioniser,negative numbers,Nicholas Parsons,nicotine patches
15 Letters,"8,7",Nikolaus Pevsner,Nineteen Minutes,nitrogen dioxide,Noether's theorem,Normandy beaches,Northern England,Northern Ireland,,
15 Letters,"8,7",Northern Wagoner,nothing's perfect,nouvelle cuisine,Nuffield College,numbered account,obstacle courses,official inquiry,official secrets,official sponsor
15 Letters,"8,7",official version,offshore account,Olympian heights,oncoming traffic,openside flanker,operatic singing,opposite numbers,ordinary looking,Oriental cuisine
15 Letters,"8,7",oriental emerald,oriental poppies,original gravity,original thinker,original version,orthodox Judaism,outright refusal,outright victory,overflow meeting
15 Letters,"8,7",overland passage,overlook nothing,Oxbridge student,palisade fencing,pandemic disease,parallel circuit,,,
15 Letters,"8,7",parallel economy,parallel imports,Parallel Mothers,parallel parking,parental consent,parental control,particle physics,Pasterze Glacier,pastoral address
15 Letters,"8,7",pastoral epistle,pastoral letters,patently obvious,pathetic fallacy,pavement artists,peaceful protest,pectoral muscles,peculiar looking,pedigree kittens
15 Letters,"8,7",pedigree poodles,pedigree puppies,pedigree rabbits,Pelagian Islands,Penelope Pitstop,Pentland Javelin,peppered maskray,perigord truffle,personal account
15 Letters,"8,7",personal details,personal effects,personal hygiene,personal matters,personal pension,personal pronoun,personal remarks,personal service,personal shopper
15 Letters,"8,7",personal trainer,pharaoh's chicken,pharaoh's serpent,,,,,,
15 Letters,"8,7",pheasant plucker,Philippa Gregory,physical checkup,physical fitness,physical prowess,physical stamina,Pinewood Studios,planning officer,pleasant journey
15 Letters,"8,7",pleasure cruiser,pleasure gardens,pleasure grounds,pleasure seekers,pleasure seeking,pleasure steamer,Plymouth Brother,poisoned chalice,Pontifex Maximus
15 Letters,"8,7",portable toilets,portrait gallery,portrait painter,positive thinker,positive vetting,postcode lottery,Potemkin village,precious moments,pressing matters
15 Letters,"8,7",pressure chamber,pressure cookers,,,,,,,
15 Letters,"8,7",pressure selling,pressure vessels,prestige project,presumed consent,Pribilof Islands,Princess Eugenie,printing machine,priority booking,prostate surgery
15 Letters,"8,7",punitive damages,purchase invoice,purplish jacamar,quantity control,Quatorze Juillet,question begging,question masters,receding jawline,received opinion
15 Letters,"8,7",reckless drivers,reckless driving,recovery vehicle,recorded message,recycled plastic,regional council,regional dialect,regional weather,registry cleaner
15 Letters,"8,7",reigning monarch,reinvent oneself,relative clauses,relative density,relative pronoun,,,,
15 Letters,"8,7",remedial classes,reported missing,reproach oneself,reproach someone,required reading,research station,reserved parking,restrain oneself,Reynaud's disease
15 Letters,"8,7",Robinson college,Rochdale Hornets,rollneck sweater,romantic fiction,Rosamund Pilcher,Salvador Allende,Samantha Cameron,sanction busting,Saorstat Eireann
15 Letters,"8,7",Saratoga Springs,Saturday Kitchen,Saturday morning,savannah sparrow,Scottish Borders,Scottish terrier,scrabble contest,sealyham terrier,seasonal workers
15 Letters,"8,7",security blanket,security cameras,security council,security deposit,security fencing,seedless raisins,semolina pudding,sensible looking,sequence dancers
15 Letters,"8,7",sequence dancing,sergeant drummer,Sergeant Schultz,sexually aroused,sexually excited,Shanghai Express,Shetland Islands,,
15 Letters,"8,7",shipping address,shipping channel,shipping magnate,shoddily dressed,shooting gallery,shopping centres,shopping channel,shopping trolley,shoulder clapper
15 Letters,"8,7",shoulder holster,shoulder surfers,shoulder surfing,shouting matches,Sicilian Defence,Sicilian vespers,sickness absence,sickness benefit,silicone implant
15 Letters,"8,7",skeleton bobsled,skeleton service,slanging matches,sleeping draught,sleeping partner,sleeping pattern,sleeping tablets,snapping turtles,sobering thought
15 Letters,"8,7",software upgrade,Somerset Maugham,southern comfort,Southern England,,,,,
15 Letters,"8,7",Southern Ireland,Southern Uplands,souvenir hunters,spangled cotinga,sparring partner,spawning grounds,speaking trumpet,speaking volumes,specific gravity
15 Letters,"8,7",specific impulse,specimen bottles,speeding offence,speeding tickets,spelling mistake,sporadic gunfire,sporting prowess,springer spaniel,stacking shelves
15 Letters,"8,7",stamping grounds,standard bearers,standard English,standing charges,standing ovation,standing upright,Stansted airport,stapling machine,stemless glasses
15 Letters,"8,7",sterling service,stewards enquiry,sticking plaster,stimulus package,stinging insects,stinging nettles,stinking mayweed,stinking russula,stocking fillers
15 Letters,"8,7",straddle carrier,straight answers,straight flushes,straight shooter,straight talking,straight through,streaked barwing,streaked fantail,streaked gurnard
15 Letters,"8,7",strength sapping,striated bunting,striated swallow,Strictly Private,striking success,striking through,strongly scented,stunning success,Sugarman Treacle
15 Letters,"8,7",suitcase economy,superior numbers,superior officer,superior planets,surprise package,suspense account,sweating buckets,sweeping changes,sweeping reforms
15 Letters,"8,7",swimming costume,swimming goggles,swimming lessons,Swinging sixties,symbolic meaning,symphony concert,Synoptic Gospels,tableaux vivants,tactical blunder
15 Letters,"8,7",tactical bombing,tactical mistake,tactical weapons,Tandoori chicken,tarragon vinegar,teething trouble,terminal decline,terminal disease,terminal illness
15 Letters,"8,7",terminal moraine,terminal reports,terraced housing,Terrence McNally,tertiary college,tertiary colours,thatched cottage,Theodore Roethke,Thomson's gazelle
15 Letters,"8,7",thoracic squeeze,Thousand Guineas,timorous beastie,titanium dioxide,titivate oneself,tomorrow morning,toujours perdrix,Toulouse Lautrec,tracking station
15 Letters,"8,7",traction engines,Tractors turning,trailing begonia,trailing fuchsia,trailing lobelia,trailing pansies,trailing petunia,tomorrow morning,training centres
15 Letters,"8,7",training college,training partner,training session,transfer pricing,trawling through,treasure hunters,treasure hunting,treasure seekers,tropical climate
15 Letters,"8,7",tropical cyclone,tropical disease,tropical islands,tungsten carbide,tuppenny hapenny,ulterior motives,unbiased opinion,underage drinker,underarm bowling
15 Letters,"8,7",unlawful killing,unsolved mystery,Valencia oranges,valeting service,vascular disease,venereal disease,Venetian Riviera,vertical takeoff,Victoria Beckham
15 Letters,"8,7",Victoria Crosses,Victoria station,Vincenzo Bellini,Virginia Creeper,Virginia McKenna,Virginia tobacco,visiting firemen,Vladimir Klichko,Vladimir Kramnik
15 Letters,"8,7",Vladimir Nabokov,Wackford Squeers,Waltzing Matilda,Waterloo station,weighing machine,weighted blanket,whiptail wallaby,whirling dervish,wildlife reserve
15 Letters,"8,7",windfall profits,Windmill Theatre,Windward Islands,Windward Passage,wireless earbuds,wireless network,wireless printer,wireless routers,withdraw support
15 Letters,"8,7",withhold consent,woodwind quartet,woodwind quintet,woodwind section,workflow diagram,wretched looking,wringing machine,wrinkled toadlet,wristlet pattern
15 Letters,"8,7",Wyndhams Theatre,youthful spirits,,,,,,,
15 Letters,"9,1,5",champions a cause,cultivate a habit,developed a fault,gatecrash a party,negotiate a truce,sacrifice a piece,sacrifice a queen,stretched a point,stretches a point
15 Letters,"9,2,2,2",something to go on,,,,,,,,
15 Letters,"9,2,4",according to plan,bachelors of arts,Barnoldby le Beck,catalogue of woes,companion in arms,cowardice of curs,delivered by hand,Elizabeth of York,fleetness of foot
15 Letters,"9,2,4",Francisco de Goya,gentleman at arms,greatness of mind,greatness of soul,harbinger of doom,harrowing of hell,increased in size,increases in size,intervals of time
15 Letters,"9,2,4",messenger at arms,multitude of sins,Newcastle on Tyne,outbreaks of rain,repayment in kind,reverting to type,screaming ab dabs,sergeants at arms,sentenced to jail
15 Letters,"9,2,4",sentenced to life,severance of ties,something in hand,something to hide,Somewhere in Time,somewhere to hide,somewhere to live,statement of fact,Stratford on Avon
15 Letters,"9,2,4",thirtieth of June,untouched by hand,vengeance is mine,,,,,,
15 Letters,"9,3,3",anonymous tip off,beginning and end,cardboard cut out,corporate tie ins,Finishing The Hat,leveraged buy out,narrowing the gap,permeated the air,permeates the air
15 Letters,"9,6",abdominal cavity,abdominal muscle,Accidents happen,accordion player,accordion pleats,Admiralty Island,admission charge,adverbial phrase,alcoholic drinks
15 Letters,"9,6",Alexander Calder,Alexander Dubcek,Alexander Nevsky,Alexander Zverev,Alexandra Palace,allotment holder,alternate angles,ambulance chaser,
15 Letters,"9,6",ambulance driver,amusement arcade,Anastasia Steele,Andromeda galaxy,Andromeda nebula,animating spirit,anonymous caller,Antarctic circle,antenatal clinic
15 Letters,"9,6",apartment blocks,Armistead Maupin,Arthurian legend,artichoke hearts,,,,,
15 Letters,"9,6",Ashmolean museum,asparagus crowns,asparagus spears,assistant editor,attempted escape,attempted murder,Attention please,attention seeker,augmented chords
15 Letters,"9,6",authority figure,autograph albums,autograph hunter,automatic pilots,automatic pistol,automatic rifles,automatic teller,automatic weapon,Avogadro's number
15 Letters,"9,6",Axminster carpet,Bachelor's button,bachelor's degree,bacterial plaque,badminton player,badminton racket,Balaclava helmet,balancing charge,beautiful people
15 Letters,"9,6",beefsteak fungus,beefsteak tomato,Beveridge Report,binocular vision,Blackburn Rovers,blacknose shiner,Blackwall Tunnel,Blandings Castle,bleaching powder
15 Letters,"9,6",blunthead puffer,bluntnose darter,bluntnose minnow,bluntnose shiner,Boardwalk Empire,Boltzmann brains,boomerang effect,Boomerang Nebula,botanical garden
15 Letters,"9,6",boundless energy,breakfast cereal,,,,,,,
15 Letters,"9,6",Brigadier Gerard,brimstone yellow,Brooklyn's Finest,burrowing parrot,buttercup yellow,butterfly effect,butterfly flower,butterfly orchid,butterfly stroke
15 Letters,"9,6",butternut squash,Byzantine church,Byzantine empire,Cambridge Circus,Camembert cheese,candlelit dinner,capillary action,Caribbean breeze,Caribbean island
15 Letters,"9,6",Catherine Howard,catherine wheels,celebrity gossip,celestial bodies,celestial sphere,centrally heated,champagne bottle,champagne flutes,Champions league
15 Letters,"9,6",character sketch,character traits,Charlotte Amalie,Charlotte Bronte,,,,,
15 Letters,"9,6",Charlotte Church,Charlotte Corday,chauffeur driven,chemistry lesson,chequered career,childhood friend,childhood haunts,chocolate addict,chocolate coated
15 Letters,"9,6",chocolate creams,,,,,,,,
15 Letters,"9,6",chocolate eclair,chocolate mousse,chocolate sponge,chocolate sundae,chocolate teapot,Christian burial,Christian church,Christian Slater,Christine Keeler
15 Letters,"9,6",Christmas beetle,Christmas cactus,Christmas carols,Christmas dinner,Christmas hamper,Christmas Island,Christmas jumper,Christmas lights,Christmas parcel
15 Letters,"9,6",Christmas raffle,Christmas season,Christmas speech,Christmas spirit,Christmas turkey,chromatic vision,cigarette holder,cigarette packet,cigarette papers
15 Letters,"9,6",cigarette smoker,circadian rhythm,classical ballet,Classical Greats,classical guitar,coalition troops,cochineal beetle,cochineal insect,Coleridge Taylor
15 Letters,"9,6",collected poetry,,,,,,,,
15 Letters,"9,6",collision course,Columbian coffee,committee member,commodity prices,communion wafers,communist regime,Communist threat,community centre,community charge
15 Letters,"9,6",community school,community spirit,companion ladder,concealed weapon,concerted action,concerted effort,conjuring tricks,conserved energy,conserves energy
15 Letters,"9,6",convector heater,converted church,cornelian cherry,corporate ladder,corporate raider,courtship ritual,courtyard garden,Crocodile Dundee,crossover artist
15 Letters,"9,6",crossover voters,crossover voting,crossword addict,crossword expert,crossword lovers,crossword puzzle,crossword setter,crossword solver,dandelion coffee
15 Letters,"9,6",dangerous corner,Dangerous Davies,dangerous driver,dangerous ground,Deception Island,deciduous forest,dedicated server,defensive tackle,departure lounge
15 Letters,"9,6",dependent clause,detective agency,detective novels,detention centre,deterrent effect,Diagnosis Murder,different engine,digestive juices,digestive system
15 Letters,"9,6",direction finder,dishonest streak,displaced person,disturbed nights,dominical letter,Doncaster Rovers,draconian powers,duplicate bridge,eclipsing binary
15 Letters,"9,6",Edinburgh Castle,Edinburgh Fringe,Edinburgh Tattoo,editorial column,editorial writer,Educating Archie,electoral defeat,electoral reform,electoral system
15 Letters,"9,6",elemental spirit,Elizabeth Bennet,Elizabeth Hurley,Elizabeth regina,Elizabeth Taylor,Ellesmere Island,emergency access,emergency powers,emotional crisis
15 Letters,"9,6",Enchanted Forest,encounter groups,endocrine glands,endocrine system,endowment policy,engineers jacket,entertain doubts,entertain guests,Episcopal church
15 Letters,"9,6",escalator clause,essential organs,estimated income,estimated profit,exclusion clause,exclusive rights,executive branch,executive editor,executive office
15 Letters,"9,6",exemption clause,expectant mother,,,,,,,
15 Letters,"9,6",expensive tastes,explosive charge,explosive device,expressed regret,expresses regret,extension ladder,extension number,eyebrowed jumper,eyebrowed thrush
15 Letters,"9,6",fairytale ending,Fantastic Voyage,feathered friend,Fenchurch Street,Ferdinand Fathom,Ferdinand Marcos,fertility clinic,fertility symbol,Fibonacci number
15 Letters,"9,6",Fibonacci series,financial backer,financial crisis,financial reward,,,,,
15 Letters,"9,6",financial sector,financial wizard,finishing school,fivepenny morris,Flaubert's Parrot,flintlock musket,flotation device,flowering cherry,flowering plants
15 Letters,"9,6",flowering quince,flowering season,flowering shrubs,flushless toilet,following orders,forbidden fruits,Forbidden Planet,formation flying,Francisco Franco
15 Letters,"9,6",Frederick Delius,Frederick Sanger,Friedrich Engels,frillgill conger,furniture beetle,furniture polish,gardening gloves,gathering clouds,gaudeamus igitur
15 Letters,"9,6",Genevieve Bujold,gentleman farmer,gentlemen ushers,geography lesson,geometric figure,,,,
15 Letters,"9,6",geometric series,Geraldine McEwan,gestation period,gladiator spider,Goodnight Vienna,governing bodies,graveyard poetry,greenside darter,Grenadier Guards
15 Letters,"9,6",greyhound racing,Grosvenor Square,hackneyed saying,hamadryas baboon,hamstring injury,Hanseatic League,Hawthorne effect,Helmholtz Watson,Highclere Castle
15 Letters,"9,6",Himalayan balsam,Hollywood movies,holocaust denier,homicidal maniac,honeymoon period,honeymoon resort,hornyhead turbot,Horsehead Nebula,horseshoe magnet
15 Letters,"9,6",Horseshoe nebula,hourglass corset,hourglass figure,household bleach,household income,household troops,Hungarian Dances,hydraulic brakes,imaginary friend
15 Letters,"9,6",imaginary number,imitation pearls,immediate family,immersion heater,immovable object,imperfect flower,imperfect fungus,imperfect number,inanimate object
15 Letters,"9,6",inaugural speech,incentive awards,incentive scheme,indelible pencil,indicator lights,induction cooker,induction course,ingrained habits,inherited wealth
15 Letters,"9,6",inorganic matter,Inspector Gadget,Inspector Javert,Inspector Lynley,insurance broker,insurance clerks,insurance policy,Josephine Tewson,Kalamazoo system
15 Letters,"9,6",Katherine Howard,Kellyanne Conway,kerbstone broker,knockdown prices,lachrymal glands,Lancaster bomber,landscape artist,landscape design,Leicester Square
15 Letters,"9,6",leveraged buyout,lightning attack,lightning strike,Limburger cheese,lingering doubts,Liverpool Street,Lockerbie bomber,locomotor ataxia,lymphatic system
15 Letters,"9,6",malicious gossip,malicious rumour,malignant growth,malignant tumour,Manhattan Island,Mariinsky Ballet,marijuana smoker,masculine ending,masculine rhymes
15 Letters,"9,6",measuring device,menstrual period,Methodist church,miniature poodle,miserable sinner,molecular volume,molecular weight,monkeying around,Moonlight Sonata
15 Letters,"9,6",Mothering Sunday,Muhyiddin Yassin,munitions worker,narrative poetry,,,,,
15 Letters,"9,6",Nastassja Kinski,Nathaniel Parker,necklaced barbet,Newcastle United,newspaper advert,newspaper column,newspaper critic,newspaper editor,newspaper seller
15 Letters,"9,6",newspaper tycoon,ninepenny morris,northeast corner,northwest corner,Norwegian fjords,Norwegian forest,Nuremberg trials,obedience school,objective danger
15 Letters,"9,6",ocellated lizard,ocellated turkey,ocellated wrasse,offensive remark,offensive tackle,,,,
15 Letters,"9,6",offensive weapon,olfactory nerves,operating assets,operating budget,operating profit,operating system,operating tables,opportune moment,opposable thumbs
15 Letters,"9,6",orchestra stalls,organised labour,overdoing things,ovulation method,Palladian window,panoramic camera,Paperback Writer,paperless office,parabolic mirror
15 Letters,"9,6",parachute jumper,paragogic future,parenting skills,Partridge Family,passenger pigeon,passenger planes,passenger trains,patchwork quilts,patterned carpet
15 Letters,"9,6",Patterson Joseph,peregrine falcon,Peregrine Pickle,perennial plants,perfectly formed,permanent magnet,permanent marker,permanent record,perpetual motion
15 Letters,"9,6",perpetuum mobile,Petrified Forest,petroleum spirit,pineapple chunks,pineapple pieces,pineapple slices,planetary nebula,planetary orbits,plumbeous pigeon
15 Letters,"9,6",plumbeous tyrant,pneumatic drills,political animal,political asylum,political leader,,,,
15 Letters,"9,6",political office,political system,political unrest,polyester cotton,porcelain fungus,porcupine quills,portfolio career,postdated cheque,potassium iodide
15 Letters,"9,6",potential danger,potential energy,pottering around,Powderham Castle,practical jokers,precision bomber,precision packed,premature babies,premature labour
15 Letters,"9,6",President Carter,President Hoover,President Monroe,President Nasser,President Reagan,President Truman,President Wilson,presiding spirit,pressured speech
15 Letters,"9,6",primitive streak,,,,,,,,
15 Letters,"9,6",principal clause,principal rafter,prismatic powder,proboscis monkey,processed cheese,programme seller,propeller blades,Ptolemaic system,publicity seeker
15 Letters,"9,6",pulmonary artery,punishing regime,pussyfoot around,pyramidal orchid,quadruple bypass,queenside attack,Radcliffe Camera,radiation shield,raspberry bushes
15 Letters,"9,6",raspberry ripple,razorback sucker,rearguard action,reclining chairs,recording career,recording medium,recording studio,recovered memory,rectified spirit
15 Letters,"9,6",recumbent figure,recurring dreams,Refection Sunday,reference number,reference points,refresher course,religious belief,religious leader,religious orders
15 Letters,"9,6",religious ritual,religious symbol,reluctant heroes,renewable energy,repairing clause,repayment claims,repeating weapon,residence permit,resisting arrest
15 Letters,"9,6",retentive memory,reversing lights,revolving credit,Robertson Davies,Rollright Stones,Roquefort cheese,Rotherham United,rufescent prinia,rutilated quartz
15 Letters,"9,6",salesman's patter,satellite dishes,,,,,,,
15 Letters,"9,6",satellite images,satellite phones,satellite uplink,scavenger beetle,scheduled castes,scheduled flight,schoolboy howler,schoolboy humour,screaming meemie
15 Letters,"9,6",sebaceous glands,Sebastian Faulks,Sebastian Vettel,secondary action,secondary causes,secondary modern,secondary picket,secondary school,sectarian divide
15 Letters,"9,6",selective memory,semilunar valves,sensation monger,sensitive nature,September eleven,sharphead darter,sharpnose darter,sharpnose shiner,shattered nerves
15 Letters,"9,6",Sheffield United,Sherborne Castle,shorthand typist,shortnose sucker,shrinking violet,Sigournay Weaver,,,
15 Letters,"9,6",Singapore slings,Singapore Strait,situation comedy,situation ethics,situation normal,situation vacant,slapstick comedy,slapstick humour,sleepless nights
15 Letters,"9,6",something rotten,southeast corner,southerly breeze,southwest corner,sovereign states,spectator sports,spiritual father,spiritual healer,spiritual leader
15 Letters,"9,6",splendide mendax,sprinkler system,squatters' rights,Stainless Banner,starboard engine,stateless person,statutory rights,statutory tenant,stretcher bearer
15 Letters,"9,6",strontium ninety,stryofoam peanut,stumbling blocks,submarine canyon,submarine effect,sunflower yellow,supraenal glands,surrogate mother,suspended ceiler
15 Letters,"9,6",swaddling clouts,Sydenham's chorea,synthetic rubber,tanalised timber,Tarantula Nebula,Tasmanian devils,Tasmanian tigers,Tattenham Corner,technical author
15 Letters,"9,6",technical expert,technical glitch,technical jargon,technical manual,technical school,technical writer,Telegraph reader,,
15 Letters,"9,6",telephone cables,telephone manner,telephone number,telephone survey,telesales agents,televised debate,Tennessee Titans,tentacled blenny,terrorist attack
15 Letters,"9,6",throwaway remark,thumbnail sketch,Tiananmen Square,tightknit family,tightrope walker,tomorrows papers,Trafalgar Square,traipsing around,transport planes
15 Letters,"9,6",transport police,trapezius muscle,traumatic memory,treasured memory,turbulent priest,turqoise parrot,umbilical hernia,Unchained Melody,uncharted waters
15 Letters,"9,6",undecided voters,Underload switch,unguarded moment,uniformed police,uninvited guests,Unitarian church,universal credit,universal remote,Unnatural Causes
15 Letters,"9,6",unskilled labour,unskilled worker,untreated sewage,unwelcome guests,Valentine Wannop,Vancouver Island,varifocal lenses,vegetable butter,vegetable garden
15 Letters,"9,6",vegetable marrow,vegetable matter,vegetable oyster,verdigris agaric,vertebral column,Victorian values,voluntary sector,voluntary worker,volunteer driver
15 Letters,"9,6",Waldstein Sonata,wandering around,wandering bishop,wandering spider,welcoming speech,whalebone corset,whirligig beetle,Whirlpool Galaxy,whiskered auklet
15 Letters,"9,6",whiskered yuhina,Whistler's Mother,whistling kettle,Wimbledon Common,Wimbledon finals,yellowish bulbul,yellowish myotis,Yorkshire accent,Yorkshire lights
15 Letters,"10,1,4",discharged a debt,discharges a debt,entertains a hope,negotiated a loan,negotiates a loan,sacrificed a pawn,sacrificed a rook,sacrifices a pawn,
15 Letters,"10,2,3",argumentum ad rem,casualties of war,eighteenth of May,fourteenth of May,Jacqueline du Pre,multiplied by six,multiplied by ten,multiplied by two,thirteenth of May
15 Letters,"10,2,3",Walmington on Sea,,,,,,,,
15 Letters,"10,3,2",management buy in,,,,,,,,
15 Letters,"10,5",absolutely right,accidental death,accounting error,admissions tutor,affordable homes,Alessandro Volta,alimentary canal,ammunition depot,anglepoise lamps
15 Letters,"10,5",anglepoise light,antiseptic cream,antiseptic wipes,appearance money,apportions blame,Archimedes screw,artificial fibre,artificial grass,artificial heart
15 Letters,"10,5",artificial light,artificial limbs,artificial voice,Associated Press,Astronomer royal,Athanasian creed,attachment order,,
15 Letters,"10,5",Australian rules,backgammon board,background check,background image,background level,background music,background noise,banqueting house,bargaining chips
15 Letters,"10,5",bargaining point,Barrington Court,basketball court,Beethoven's Fifth,Beethoven's Ninth,Beethoven's Sixth,Beethoven's Third,bimetallic strip,biological agent
15 Letters,"10,5",biological clock,biological death,Blackmore's Night,blackwater fever,blithering idiot,Bloomsbury Group,boatswain's chair,Bordelaise sauce,bottlenose whale
15 Letters,"10,5",brownfield sites,Bunthornes Bride,Caledonian Canal,California Girls,California suite,Camberwell Green,Camberwick Green,cannellini beans,cannonball serve
15 Letters,"10,5",Canterbury Bells,Canterbury Tales,Capability Brown,capitation grant,carbonated water,carpenters level,carpenters plane,centigrade scale,ceremonial sword
15 Letters,"10,5",Chatsworth House,chattering teeth,Cinderella dance,circuitous route,,,,,
15 Letters,"10,5",Cistercian abbey,Cistercian monks,clinically obese,collection plate,collection point,collective farms,collective nouns,collector's items,collector's piece
15 Letters,"10,5",commanding views,commercial break,commercial radio,concertina table,conclusive proof,conference pears,conference table,confidence trick,conscience money
15 Letters,"10,5",consenting adult,conspiracy buffs,consulting couch,consulting rooms,continuity error,conversion table,Corinthian order,Coronation Chair,coronation march
15 Letters,"10,5",correcting fluid,correction fluid,Cranbourne money,cultivated taste,Cumberland sauce,curriculum vitae,Dambusters march,decorative style,Definitely Maybe
15 Letters,"10,5",Democratic Party,demolition derby,department store,depilatory cream,Derbyshire Dales,descending order,destroying angel,developing world,Devonshire cream
15 Letters,"10,5",diminished chord,diminished triad,diplomatic corps,diplomatic pouch,discovered check,discussion group,discussion paper,,
15 Letters,"10,5",disorderly house,disposable goods,disposable nappy,dissecting table,dissenting voice,Dorchester Hotel,ecological niche,efficiency drive,eighteenth green
15 Letters,"10,5",electrical cable,electrical fault,electrical field,electrical goods,electrical noise,electrical power,electrical relay,electrical storm,electronic books
15 Letters,"10,5",electronic brain,electronic flash,electronic games,electronic music,electronic organ,elliptical orbit,engagement party,engagement rings,Erlenmeyer flask
15 Letters,"10,5",eucalyptus trees,eustachian tubes,eustachian valve,Everything Flows,exchanging blows,exclusions apply,exhibition match,exhibition rooms,exhibition shots
15 Letters,"10,5",exorbitant price,experience table,expression marks,expression pedal,,,,,
15 Letters,"10,5",extinction event,fahrenheit scale,favourable terms,Figuration Libre,fisherman's float,flannelled fools,flickering flame,flickering light,flightless birds
15 Letters,"10,5",foundation cream,foundation stone,Fraunhofer lines,Frenchman's Creek,Friendship Seven,galvanized steel,gasburning stove,geographic north,geological cycle
15 Letters,"10,5",geological fault,geothermal power,glittering prize,government agent,government bonds,government grant,granulated sugar,grapefruit juice,greenhouse gases
15 Letters,"10,5",Greyfriars Bobby,hammerhead shark,,,,,,,
15 Letters,"10,5",Heartbreak Hotel,Heartbreak House,Heartbreak Ridge,helicopter pilot,herbaceous plant,hereditary peers,hesitation waltz,Hieronymus Bosch,historical novel
15 Letters,"10,5",horizontal plane,horizontal scrub,humpbacked limia,hypersonic speed,hyphenated words,hypnagogic image,hypnagogic state,impossible dream,incendiary bombs
15 Letters,"10,5",incidental music,indicative votes,industrial parks,industrial plant,industrial waste,inflection point,initiation rites,instalment plans,instrument panel
15 Letters,"10,5",intangible asset,interested party,intestinal flora,investment banks,investment trust,irrigation canal,Jacqueline Jossa,Jawaharlal Nehru,Kirribilli House
15 Letters,"10,5",Lammermuir Hills,legitimate drama,Lenborough hoard,lenticular cloud,Lieutenant Kojak,Liturgical Latin,liturgical music,,
15 Letters,"10,5",Magellanic Cloud,magnifying glass,magnifying power,maidenhair ferns,management chain,management speak,Marghanita Laski,Mastermind chair,Meadowlark Lemon
15 Letters,"10,5",mechanical fault,mercantile paper,Michaelmas daisy,Mildenhall horde,Mittelland Canal,Montgomery Clift,Montgomery Scott,monumental mason,moustached turca
15 Letters,"10,5",Mulholland Drive,natterjack toads,,,,,,,
15 Letters,"10,5",navigation light,negotiable bonds,Northanger Abbey,Nutcracker suite,Nymphadora Tonks,occasional cause,occasional chair,occasional table,occidental topaz
15 Letters,"10,5",oculomotor nerve,opalescent glass,opposition party,orchestral music,orchestral score,ornamental grass,ornamental plant,ornamental shrub,ornamental snake
15 Letters,"10,5",ornamental style,ornamental trees,Paralympic Games,parliament clock,parliament hinge,parliament house,peninsular units,pentatonic scale,peppermint cream
15 Letters,"10,5",percentage point,perforated ulcer,performing seals,perishable goods,photograph album,picaresque novel,plantation owner,playground bully,ploughman's lunch
15 Letters,"10,5",pluperfect tense,Poisonwood Bible,polyphonic music,pontefract cakes,population crash,positional error,possession order,possessive nouns,Praetorian Guard
15 Letters,"10,5",preference bonds,preference share,preference stock,prevailing winds,procedural error,processing power,production quota,projectile vomit,Prometheus Bound
15 Letters,"10,5",promissory notes,prosthetic limbs,protection money,protective cover,protective layer,Protestant ethic,publishing house,purchasing power,qualifying round
15 Letters,"10,5",reasonable doubt,reasonable force,Rebellious Slave,recruiting drive,redcurrant jelly,refractive index,registered blind,registered nurse,registered voter
15 Letters,"10,5",regulation dress,relatively prime,Republican Party,Republican voter,restaurant chain,,,,
15 Letters,"10,5",restricted byway,restricted waste,retirement party,Ringelmann chart,Rutherford Hayes,sabbatical leave,saturation point,schoolgirl crush,scientific proof
15 Letters,"10,5",scrivener's palsy,secondhand books,shovelhead shark,Snettisham hoard,something's amiss,spectacled cobra,spotlessly clean,starvation wages,stationary orbit
15 Letters,"10,5",strawberry field,strawberry patch,strawberry snail,structural fault,succession house,sulphurous smell,supersonic plane,supersonic speed,supporting actor
15 Letters,"10,5",suprarenal gland,sustaining pedal,Sutherland Falls,syncopated music,telepathic twins,telescopic sight,television drama,temperance hotel,terracotta tiles
15 Letters,"10,5",theatrical agent,theatrical props,thermionic valve,,,,,,
15 Letters,"10,5",Threepenny Opera,transistor radio,transition metal,transition point,transverse colon,transverse flute,traveller's tales,travelling chess,travelling clock
15 Letters,"10,5",travelling light,tumbledown house,tumbledown shack,undercover agent,unexpected bonus,unexploded bombs,unleavened bread,unpleasant smell,unsociable hours
15 Letters,"10,5",variegated light,variegated skink,vegetarian meals,vegetative state,victimless crime,volleyball court,volleyball match,Walsingham Abbey,Washington State
15 Letters,"10,5",watercress sauce,watertight alibi,Wednesday's child,wellington boots,wheelchair bound,wheelchair users,whispering grass,wholegrain wheat,wholewheat bread
15 Letters,"10,5",wholewheat flour,widespread frost,winchester rifle,windscreen wiper,woodburner stove,woodpecker finch,worthwhile cause,yesterday's paper,
15 Letters,"11,4",accelerator card,aerodynamic lift,affirmative vote,alternative fuel,alternative host,alternative plan,alternative vote,apocalyptic film,application form
15 Letters,"11,4",appointment book,Arrivederci Baby,Arrivederci Roma,attentional bias,audiovisual aids,Bartholomew Fair,behavioural sink,Benedictine monk,Brandenburg Gate
15 Letters,"11,4",bristlecone pine,broadleaved tree,bulletproof vest,Californian wine,Carpentaria palm,cauliflower head,chlorinated lime,cholesterol free,cholesterol test
15 Letters,"11,4",christening gown,christening robe,Christopher Dean,Christopher Wood,Christopher Wren,citizenship test,combination lock,combination oven,comfortable seat
15 Letters,"11,4",commonplace book,competitive edge,competitive game,compilation tape,compliments slip,Condoleezza Rice,confederate army,confederate flag,consolation game
15 Letters,"11,4",consolation goal,consolidate debt,contactless card,contingency fund,contingency plan,convenience food,convergence zone,convertible bond,convertible cars
15 Letters,"11,4",cooperative bank,crystalline lens,demarcation line,development area,diacritical mark,diamondback moth,dishevelled hair,Dollywaggon Pike,educational film
15 Letters,"11,4",elderflower wine,electricity bill,,,,,,,
15 Letters,"11,4",entrenching tool,Erymanthian boar,escherichia coli,euphemistic term,everlasting fire,everlasting life,everlasting love,examination room,exclamation mark
15 Letters,"11,4",Expectation Week,factfinding tour,Fascinating Aida,fashionably late,ferrocyanic acid,ferruginous duck,ferruginous hawk,Flamborough Head,fluorescent bulb
15 Letters,"11,4",fluorescent lamp,fluorescent tube,,,,,,,
15 Letters,"11,4",fulminating gold,fundamental unit,globigerina ooze,grasshopper mind,handwritten note,harebrained idea,hexadecimal code,highlighter pens,Hippocratic oath
15 Letters,"11,4",homogenised milk,Huckleberry Finn,hummingbird cake,hummingbird moth,hydrocyanic acid,inescapable fact,information pack,innumerable bees,instruction book
15 Letters,"11,4",insuperable odds,intelligent life,intercostal vein,intravenous drip,irreparable harm,legislative body,macrobiotic diet,magnificent view,maintenance free
15 Letters,"11,4",marshalling yard,metamorphic rock,multiplayer game,needlepoint lace,Nightingale ward,observation deck,observation dome,observation post,opportunity cost
15 Letters,"11,4",outstanding debt,pantothenic acid,partnership desk,pasteurised milk,Pentonville Road,performance poet,permissible dose,personality cult,philosopher king
15 Letters,"11,4",Porterhouse Blue,portmanteau word,premiership club,premiership game,premiership team,pressurised suit,presumptive heir,procrustean rule,
15 Letters,"11,4",progressive rock,promotional code,proprietary drug,proprietary name,provocative pose,psychedelic drug,psychiatric ward,punctuation mark,pyroclastic flow
15 Letters,"11,4",recessional hymn,recommended dose,rectangular keep,replacement cost,residential area,residential care,restoration fund,Restoration play,restraining hand
15 Letters,"11,4",ribonucleic acid,sacramental wine,sacrificial lamb,Saddleworth Moor,Scarborough Fair,sedimentary rock,sensational news,shuttlecock fern,sightseeing tour
15 Letters,"11,4",sightseeing trip,Southampton plot,spectacular view,,,,,,
15 Letters,"11,4",sponsorship form,Spreadsheet Phil,squirrelled away,stockbroker belt,stockpiling food,subjunctive mood,subsistence wage,substantial meal,subtropical high
15 Letters,"11,4",Suffragette City,superiority bias,temperature drop,temperature rise,Territorial army,Thunderbird Five,Thunderbird Four,traditional jazz,Transalpine Gaul
15 Letters,"11,4",typesetters case,ultraviolet lamp,ultraviolet rays,ultraviolet star,unconscious mind,unconscious urge,underground base,undeserving poor,unfulfilled hope
15 Letters,"11,4",unnecessary risk,unpopulated area,unsaturated fats,unscheduled stop,unsolicited mail,unstoppable goal,unstoppable shot,victualling ship,victualling yard
15 Letters,"11,4",wheelbarrow race,whistlestop tour,Whitechapel Road,withdrawing room,Yellowstone Park,,,,
15 Letters,"12,3",agricultural tie,Annunciation Day,antiaircraft gun,Bicentennial Man,blackcurrant jam,cancellation fee,childbearing age,Commonwealth Day,confessional box
15 Letters,"12,3",considerable sum,construction kit,consultation fee,contemporary art,conventional war,conversation pit,disappearing act,earthernware jar,earthernware pot
15 Letters,"12,3",extortionate sum,extramarital sex,fermentation bin,humanitarian aid,hydrogenated fat,hydrogenated oil,illegitimate son,illuminating oil,Inauguration Day
15 Letters,"12,3",incontinence pad,Independence Day,inflationary gap,,,,,,
15 Letters,"12,3",interference fit,interstellar war,Kindergarten Cop,legionnaire's cap,millionaires row,neoclassical art,Newfoundland dog,organization man,Palaeolithic man
15 Letters,"12,3",Pendunculate oak,plainclothes man,plainclothes men,premeditated act,presidential bid,refrigerated van,registration fee,resurrection man,resurrection pie
15 Letters,"12,3",Schrodinger's cat,sledgehammer wit,straightened out,subscription fee,Thanksgiving Day,tranquilizer gun,unemployment pay,unfertilized egg,unforgivable sin
15 Letters,"12,3",unpardonable sin,unprincipled act,,,,,,,
15 Letters,"13,2",circumscribed by,straightening up,,,,,,,